id_protein,protein_name,tags,tags_reason,tags_description,uniprot,protein_multidata_id
0,ESR1_HUMAN,,,,P03372,0
1,RORB_HUMAN,,,,Q92753,1
2,ABCA1_HUMAN,,,,O95477,2
3,NR1H3_HUMAN,,,,Q13133,3
4,GCR_HUMAN,,,,P04150,4
5,TAFA5_HUMAN,,,,Q7Z5A7,5
6,PROCR_HUMAN,,,,Q9UNN8,6
7,TAFA4_HUMAN,,,,Q96LR4,7
8,G37L1_HUMAN,,,,O60883,8
9,NR1H4_HUMAN,,,,Q96RI1,9
10,AMRP_HUMAN,,,,P30533,10
11,RENR_HUMAN,,,,O75787,11
12,ANDR_HUMAN,,,,P10275,12
13,NXNL1_HUMAN,,,,Q96CM4,13
14,NR1H2_HUMAN,,,,P55055,14
15,RORA_HUMAN,,,,P35398,15
16,THA_HUMAN,,,,P10827,16
17,RORG_HUMAN,,,,P51449,17
18,GP15L_HUMAN,,,,Q6UWK7,18
19,TSP2_HUMAN,,,,P35442,19
20,FRIH_HUMAN,,,,P02794,20
21,MCR_HUMAN,,,,P08235,21
22,PPARG_HUMAN,,,,P37231,22
23,PRGR_HUMAN,,,,P06401,23
24,THB_HUMAN,,,,P10828,24
25,FRIL_HUMAN,,,,P02792,25
26,PPARD_HUMAN,,,,Q03181,26
27,NR1I2_HUMAN,,,,O75469,27
28,ESR2_HUMAN,,,,Q92731,28
29,TAFA1_HUMAN,,,,Q7Z5A9,29
30,VDR_HUMAN,,,,P11473,30
31,PPARA_HUMAN,,,,Q07869,31
32,5HT3E_HUMAN,,,,A5X5Y0,32
33,CO6A6_HUMAN,,,Collagen,A6NMZ7,33
34,CO6A5_HUMAN,,,Collagen,A8TX70,34
35,KLRF2_HUMAN,To_comment,Extracellular_add,,D3W0D1,35
36,HLAA,,,,HLAA,36
37,HLAB,,,,HLAB,37
38,HLAC,,,,HLAC,38
39,FZD9_HUMAN,To_comment,Extracellular_add,,O00144,39
40,CCL24_HUMAN,,,,O00175,40
41,LEG9_HUMAN,To_comment,secretedhigh_add | peripheral_add,Ligand for HAVCR2/TIM3 (uniprot),O00182,41
42,TR10A_HUMAN,To_add,,TNF_receptor_add (uniprot),O00220,42
43,CORT_HUMAN,,,,O00230,43
44,BMR1B_HUMAN,,,,O00238,44
45,SIRB1_HUMAN,To_add | To_comment,Receptor_add,Iglike | Receptor_add,O00241,45
46,AGRP_HUMAN,,,,O00253,46
47,LFTY2_HUMAN,,,,O00292,47
48,TULP1_HUMAN,,,,O00294,48
49,TR11B_HUMAN,,,,O00300,49
50,CCRL2_HUMAN,,,,O00421,50
51,GFRA2_HUMAN,,,,O00451,51
52,AGRIN_HUMAN,,,,O00468,52
53,DLL1_HUMAN,,,,O00548,53
54,CXCR6_HUMAN,,,,O00574,54
55,RNT2_HUMAN,,,,O00584,55
56,CCL21_HUMAN,,,,O00585,56
57,ACKR2_HUMAN,,,,O00590,57
58,PODXL_HUMAN,,,Migration,O00592,58
59,CCL22_HUMAN,,,,O00626,59
60,WNT7A_HUMAN,,,,O00755,60
61,NRG2_HUMAN,,,,O14511,61
62,CXL11_HUMAN,,,,O14625,62
63,TR10B_HUMAN,To_add,,TNF_receptor_add (uniprot),O14763,63
64,NRP1_HUMAN,,,,O14786,64
65,TNF11_HUMAN,,,,O14788,65
66,GDF8_HUMAN,,,,O14793,66
67,TR10C_HUMAN,,,,O14798,67
68,TR13B_HUMAN,To_add,,TNF_family (uniprot),O14836,68
69,WNT9A_HUMAN,,,,O14904,69
70,WNT9B_HUMAN,,,,O14905,70
71,NCTR3_HUMAN,To_comment,Extracellular_add,,O14931,71
72,EREG_HUMAN,,,,O14944,72
73,PLXB2_HUMAN,,,,O15031,73
74,SEM3E_HUMAN,,,,O15041,74
75,ANGP2_HUMAN,,,,O15123,75
76,MUSK_HUMAN,,,,O15146,76
77,GPR37_HUMAN,,,,O15354,77
78,CCL25_HUMAN,,,,O15444,78
79,CCL16_HUMAN,,,,O15467,79
80,FGF10_HUMAN,,,,O15520,80
81,PLXB1_HUMAN,,,Migration,O43157,81
82,MTLR_HUMAN,,,,O43193,82
83,DHH_HUMAN,,,,O43323,83
84,TNF12_HUMAN,,,,O43508,84
85,GON2_HUMAN,,,,O43555,85
86,TNF14_HUMAN,,,,O43557,86
87,GALR2_HUMAN,,,,O43603,87
88,OREX_HUMAN,To_add | To_comment,secreted_add | extracellular_add,Genecards: hypothalamic neuropeptide precursor protein,O43612,88
89,OX1R_HUMAN,,,,O43613,89
90,OX2R_HUMAN,,,,O43614,90
91,TYOBP_HUMAN,To_add,,complex,O43914,91
92,VEGFD_HUMAN,,,,O43915,92
93,EFNA2_HUMAN,To_comment,extracellular_add,ligandIUPHAR,O43921,93
94,CXL13_HUMAN,,,,O43927,94
95,FGF17_HUMAN,,,,O60258,95
96,FZD6_HUMAN,To_comment,Extracellular_add,,O60353,96
97,GDF9_HUMAN,,,,O60383,97
98,NRP2_HUMAN,To_add | To_comment,secretedhigh_add,High affinity receptor for semaphorins | Growthfactor (uniprot),O60462,98
99,DSCAM_HUMAN,,,,O60469,99
100,PLXC1_HUMAN,To_add | To_comment,transmembrane_add | receptor_add | extracellular_add,"Uniprot: Receptor for SEMA7A, for smallpox semaphorin A39R, vaccinia virus semaphorin A39R and for herpesvirus Sema protein",O60486,100
101,CUBN_HUMAN,,,,O60494,101
102,PSPN_HUMAN,,,,O60542,102
103,GFRA3_HUMAN,,,,O60609,103
104,GALR3_HUMAN,,,,O60755,104
105,RAMP1_HUMAN,To_add,,complex,O60894,105
106,RAMP2_HUMAN,To_add,,complex,O60895,106
107,RAMP3_HUMAN,,,,O60896,107
108,PLXA2_HUMAN,,,,O75051,108
109,FZD7_HUMAN,To_comment,Extracellular_add,,O75084,109
110,SLIT1_HUMAN,,,,O75093,110
111,LRP4_HUMAN,To_add,,ligandIUPHAR,O75096,111
112,ICOSL_HUMAN,To_add|To_comment,Extracellular_add,Iglike,O75144,112
113,LRP5_HUMAN,To_add | To_comment,extracellular_add,Component of the Wnt-Fzd-LRP5-LRP6 complex (uniprot),O75197,113
114,SEM7A_HUMAN,,,Possible_receptor,O75326,114
115,LGR5_HUMAN,,,,O75473,115
116,TNR21_HUMAN,,,,O75509,116
117,ITA10_HUMAN,To_add,,Integrin (uniprot),O75578,117
118,LRP6_HUMAN,,,,O75581,118
119,LFTY1_HUMAN,,,,O75610,119
120,TNF13_HUMAN,,,,O75888,120
121,SLIT2_HUMAN,,,,O94813,121
122,DKK1_HUMAN,,,,O94907,122
123,S1PR2_HUMAN,,,,O95136,123
124,TNF15_HUMAN,,,,O95150,124
125,UNC5C_HUMAN,,,,O95185,125
126,I18RA_HUMAN,To_add,,Iglike,O95256,126
127,5HT3B_HUMAN,,,,O95264,127
128,GDF11_HUMAN,,,,O95390,128
129,BMP10_HUMAN,,,,O95393,129
130,UTS2_HUMAN,,,,O95399,130
131,TNF6B_HUMAN,,,,O95407,131
132,NET1_HUMAN,,,,O95631,132
133,CXL14_HUMAN,,,,O95715,133
134,CRTAM_HUMAN,To_add | To_comment,Extracellular_add,Iglike | Possible_receptor,O95727,134
135,FGF19_HUMAN,,,,O95750,135
136,IL33_HUMAN,,,,O95760,136
137,GPR75_HUMAN,,,,O95800,137
138,CER1_HUMAN,,,,O95813,138
139,GLP2R_HUMAN,,,,O95838,139
140,BY55_HUMAN,,,,O95971,140
141,BMP15_HUMAN,,,,O95972,141
142,WNT11_HUMAN,,,,O96014,142
143,EGFR_HUMAN,,,,P00533,143
144,THRB_HUMAN,,,,P00734,144
145,FA10_HUMAN,,,,P00742,145
146,PLMN_HUMAN,,,,P00747,146
147,UROK_HUMAN,,,,P00749,147
148,RENI_HUMAN,,,,P00797,148
149,ANGT_HUMAN,,,,P01019,149
150,CO3_HUMAN,,,,P01024,150
151,CO5_HUMAN,,,,P01031,151
152,KNG1_HUMAN,,,,P01042,152
153,PDGFB_HUMAN,,,,P01127,153
154,EGF_HUMAN,To_add | To_comment,secreted_add | secreted_high| extracellular _add,Uniprot: EGF stimulates the growth of various epidermal and epithelial tissues in vivo and in vitro and of some fibroblasts in cell culture.,P01133,154
155,TGFA_HUMAN,,,,P01135,155
156,TGFB1_HUMAN,,,,P01137,156
157,NGF_HUMAN,,,,P01138,157
158,GON1_HUMAN,,,,P01148,158
159,ANF_HUMAN,,,,P01160,159
160,NEU1_HUMAN,,,,P01178,160
161,NEU2_HUMAN,,,,P01185,161
162,COLI_HUMAN,,,,P01189,162
163,PENK_HUMAN,,,,P01210,163
164,PDYN_HUMAN,,,,P01213,164
165,TSHB_HUMAN,,,,P01222,165
166,FSHB_HUMAN,,,,P01225,166
167,LSHB_HUMAN,,,,P01229,167
168,PRL_HUMAN,,,,P01236,168
169,SOMA_HUMAN,,,,P01241,169
170,SOM2_HUMAN,,,,P01242,170
171,CALC_HUMAN,,,,P01258,171
172,THYG_HUMAN,,,,P01266,172
173,PTHY_HUMAN,,,,P01270,173
174,GLUC_HUMAN,,,,P01275,174
175,VIP_HUMAN,,,,P01282,175
176,SLIB_HUMAN,,,,P01286,176
177,INS_HUMAN,,,,P01308,177
178,IGF2_HUMAN,,,,P01344,178
179,GAST_HUMAN,,,,P01350,179
180,TNFB_HUMAN,,,,P01374,180
181,TNFA_HUMAN,,,,P01375,181
182,IFNA1,,,,IFNA1,182
183,IFNA2_HUMAN,,,,P01563,183
184,IFN10_HUMAN,,,,P01566,184
185,IFNA7_HUMAN,,,,P01567,185
186,IFN21_HUMAN,,,,P01568,186
187,IFNA5_HUMAN,,,,P01569,187
188,IFN14_HUMAN,,,,P01570,188
189,IFN17_HUMAN,,,,P01571,189
190,IFNB_HUMAN,,,,P01574,190
191,IFNG_HUMAN,,,,P01579,191
192,IL1A_HUMAN,,,,P01583,192
193,IL1B_HUMAN,,,,P01584,193
194,EPO_HUMAN,,,,P01588,194
195,IL2RA_HUMAN,To_add,,Cytokine_receptor_add (uniprot),P01589,195
196,CD8A_HUMAN,To_comment,Receptor_add,,P01732,196
197,CO1A1_HUMAN,,,collagen,P02452,197
198,CO2A1_HUMAN,,,collagen,P02458,198
199,CO3A1_HUMAN,,,collagen,P02461,199
200,CO4A1_HUMAN,,,collagen,P02462,200
201,APOA1_HUMAN,,,,P02647,201
202,APOE_HUMAN,,,,P02649,202
203,APOA2_HUMAN,,,,P02652,203
204,FIBA_HUMAN,,,,P02671,204
205,FIBB_HUMAN,,,,P02675,205
206,FIBG_HUMAN,,,,P02679,206
207,ACHA_HUMAN,,,,P02708,207
208,FINC_HUMAN,,,,P02751,208
209,RET4_HUMAN,,,,P02753,209
210,ALBU_HUMAN,,,,P02768,210
211,CXCL7_HUMAN,,,,P02775,211
212,PLF4_HUMAN,,,,P02776,212
213,CXL10_HUMAN,,,,P02778,213
214,TFR1_HUMAN,,,,P02786,214
215,TRFE_HUMAN,,,,P02787,215
216,MIS_HUMAN,,,,P03971,216
217,VTNC_HUMAN,,,,P04004,217
218,PROC_HUMAN,,,,P04070,218
219,ANXA1_HUMAN,,,,P04083,219
220,PDGFA_HUMAN,,,,P04085,220
221,REL2_HUMAN,,,,P04090,221
222,APOB_HUMAN,,,,P04114,222
223,CSF2_HUMAN,,,,P04141,223
224,THY1_HUMAN,,,,P04216,224
225,HG2A_HUMAN,To_comment,Receptor_add,Chemokine_receptor_add,P04233,225
226,VWF_HUMAN,,,,P04275,226
227,ERBB2_HUMAN,,,,P04626,227
228,WNT1_HUMAN,,,,P04628,228
229,NTRK1_HUMAN,,,,P04629,229
230,IFNW1_HUMAN,,,,P05000,230
231,IFNA6_HUMAN,,,,P05013,231
232,IFNA4_HUMAN,,,,P05014,232
233,IFN16_HUMAN,,,,P05015,233
234,IGF1_HUMAN,,,,P05019,234
235,A4_HUMAN,To_add,,ligandIUPHAR,P05067,235
236,ITB3_HUMAN,,,Migration,P05106,236
237,ITB2_HUMAN,To_add,,Integrin (uniprot),P05107,237
238,INHA_HUMAN,,,,P05111,238
239,IL4_HUMAN,,,,P05112,239
240,IL5_HUMAN,,,,P05113,240
241,FGF1_HUMAN,,,,P05230,241
242,IL6_HUMAN,,,,P05231,242
243,ICAM1_HUMAN,To_add | To_comment,,Iglike | ligandIUPHAR,P05362,243
244,ITB1_HUMAN,,,Migration,P05556,244
245,CO5A2_HUMAN,,,Collagen,P05997,245
246,INSR_HUMAN,,,,P06213,246
247,LCK_HUMAN,To_comment,Extracellular_add,,P06239,247
248,CCKN_HUMAN,,,,P06307,248
249,CD2_HUMAN,To_add | To_comment,Receptor_add,Iglike | Receptor_add,P06729,249
250,CEAM5_HUMAN,To_comment,Adhesion_add,,P06731,250
251,FCER2_HUMAN,,,,P06734,251
252,ITAV_HUMAN,To_add | To_comment,Adhesion_add,Migration | Adhesion_add (uniprot),P06756,252
253,CRF_HUMAN,,,,P06850,253
254,TRBM_HUMAN,To_add,,endothelial cell receptor (uniprot),P07204,254
255,PDIA1_HUMAN,,,,P07237,255
256,CSF1R_HUMAN,,,,P07333,256
257,GP1BA_HUMAN,To_add,,a surface membrane protein of platelets (uniprot),P07359,257
258,GRP_HUMAN,,,,P07492,258
259,ADRB2_HUMAN,,,,P07550,259
260,SAP_HUMAN,,,,P07602,260
261,RET_HUMAN,,,,P07949,261
262,TSP1_HUMAN,To_add | To_comment,Extracellular_add,Adhesive glycoprotein that mediates cell-to-cell and cell-to-matrix interactions (uniprot),P07996,262
263,IGF1R_HUMAN,,,,P08069,263
264,CO1A2_HUMAN,,,Collagen,P08123,264
265,TNR16_HUMAN,To_add,,TNF_receptor_add (uniprot),P08138,265
266,ACM2_HUMAN,,,,P08172,266
267,ACM4_HUMAN,,,,P08173,267
268,DAF_HUMAN,,,,P08174,268
269,MMP2_HUMAN,,,,P08253,269
270,INHBA_HUMAN,,,,P08476,270
271,ITA2B_HUMAN,To_add,,Integrin (uniprot),P08514,271
272,CO4A2_HUMAN,,,Collagen,P08572,272
273,PTPRC_HUMAN,To_add | To_comment,transmembrane_add | extracellular_add,Uniprot: Protein tyrosine-protein phosphatase required for T-cell activation,P08575,273
274,MET_HUMAN,To_add | To_comment,transmembrane_add | receptor_add | extracellular_add,,P08581,274
275,ADRB1_HUMAN,,,,P08588,275
276,FGF4_HUMAN,,,,P08620,276
277,ITA5_HUMAN,To_add,,Integrin (uniprot),P08648,277
278,IL3_HUMAN,,,,P08700,278
279,IL6RA_HUMAN,,,,P08887,279
280,5HT1A_HUMAN,,,,P08908,280
281,ACM5_HUMAN,,,,P08912,281
282,ADA2A_HUMAN,,,,P08913,282
283,NMB_HUMAN,,,,P08949,283
284,FGF2_HUMAN,,,,P09038,284
285,DOPO_HUMAN,,,,P09172,285
286,CD48_HUMAN,To_comment,Extracellular_add,,P09326,286
287,GROA_HUMAN,,,,P09341,287
288,INHBB_HUMAN,,,,P09529,288
289,WNT2_HUMAN,,,,P09544,289
290,CSF1_HUMAN,,,,P09603,290
291,PGFRB_HUMAN,To_comment,,Migration,P09619,291
292,GIP_HUMAN,,,,P09681,292
293,SECR_HUMAN,,,,P09683,293
294,LOX5_HUMAN,To_add,,,P09917,294
295,CSF3_HUMAN,,,,P09919,295
296,CO4A_HUMAN,,,,P0C0L4,296
297,NPS_HUMAN,,,,P0C0P6,297
298,CFC1_HUMAN,,,,P0CG37,298
299,SAA1_HUMAN,,,,P0DJI8,299
300,ELA_HUMAN,,,,P0DMC3,300
301,AA3R_HUMAN,,,,P0DMS8,301
302,CALCB_HUMAN,,,,P10092,302
303,IL8_HUMAN,,,,P10145,303
304,CCL3_HUMAN,,,,P10147,304
305,OSTP_HUMAN,,,,P10451,305
306,TGFB3_HUMAN,To_add | To_comment,extracellular_add,TGFbeta_family | ligandIUPHAR,P10600,306
307,KIT_HUMAN,,,,P10721,307
308,CD28_HUMAN,To_add | To_comment,Extracellular_add,Iglike,P10747,308
309,FGF6_HUMAN,,,,P10767,309
310,CLUS_HUMAN,,,,P10909,310
311,GHR_HUMAN,,,,P10912,311
312,CD8B_HUMAN,To_comment,Receptor_add,,P10966,312
313,IAPP_HUMAN,,,,P10997,313
314,LAMC1_HUMAN,,,laminin,P11047,314
315,ITAM_HUMAN,To_add,,Integrin (uniprot),P11215,315
316,ACM1_HUMAN,,,,P11229,316
317,BCR_HUMAN,,,,P11274,317
318,FGFR1_HUMAN,To_comment,,Migration,P11362,318
319,FGF3_HUMAN,,,,P11487,319
320,MPRI_HUMAN,To_add | To_comment,transmembrane_add | receptor_add | extracellular_add,,P11717,320
321,FGF5_HUMAN,,,,P12034,321
322,COBA1_HUMAN,,,Collagen,P12107,322
323,CO6A1_HUMAN,,,Collagen,P12109,323
324,CO6A2_HUMAN,,,Collagen,P12110,324
325,CO6A3_HUMAN,,,Collagen,P12111,325
326,PTHR_HUMAN,,,,P12272,326
327,BMP2_HUMAN,,,,P12643,327
328,BMP4_HUMAN,,,,P12644,328
329,CADH1_HUMAN,,,Cadherin,P12830,329
330,MOTI_HUMAN,,,,P12872,330
331,GP1BB_HUMAN,To_add,,surface membrane protein of platelets (uniprot),P13224,331
332,IL7_HUMAN,,,,P13232,332
333,CCL4_HUMAN,,,,P13236,333
334,TDGF1_HUMAN,,,,P13385,334
335,CCL2_HUMAN,,,,P13500,335
336,CCL5_HUMAN,,,,P13501,336
337,NCAM1_HUMAN,,,,P13591,337
338,ICAM2_HUMAN,To_add | To_comment,Extracellular_add,Iglike | ligandIUPHAR,P13598,338
339,ITA4_HUMAN,To_add,,Integrin (uniprot),P13612,339
340,CEAM1_HUMAN,To_comment,Extracellular_add,Migration,P13688,340
341,ONCM_HUMAN,,,,P13725,341
342,HLAE_HUMAN,To_add | To_comment,Extracellular_add,Iglike,P13747,342
343,COBA2_HUMAN,,,Collagen,P13942,343
344,ADRB3_HUMAN,,,,P13945,344
345,LYAM1_HUMAN,To_add,,Cell surface adhesion protein (uniprot),P14151,345
346,CD99_HUMAN,To_add,,Involved in T-cell adhesion (uniprot),P14209,346
347,HGF_HUMAN,To_add | To_comment,secreted_add | secreted_high | extracellular_add,"Uniprot: Potent mitogen for mature parenchymal hepatocyte cells, seems to be a hepatotrophic factor, and acts as a growth factor for a broad spectrum of tissues and cell types.",P14210,347
348,DRD2_HUMAN,,,,P14416,348
349,PA2GA_HUMAN,,,,P14555,349
350,IL1R1_HUMAN,,,,P14778,350
351,IL2RB_HUMAN,To_add,,cytokine_receptor,P14784,351
352,LIF_HUMAN,,,,P15018,352
353,PVR_HUMAN,,,,P15151,353
354,IL9_HUMAN,,,,P15248,354
355,INGR1_HUMAN,,,,P15260,355
356,EZRI_HUMAN,,,,P15311,356
357,CSF2R_HUMAN,,,,P15509,357
358,AREG_HUMAN,To_add | To_comment,secreted_add | secreted_high | extracellular_add,"Uniprot: Ligand of the EGF receptor/EGFR. Autocrine growth factor as well as a mitogen for a broad range of target cells including astrocytes, Schwann cells and fibroblasts.",P15514,358
359,MCP_HUMAN,To_add,,costimulatory factor (uniprot),P15529,359
360,VEGFA_HUMAN,,,,P15692,360
361,CD1D_HUMAN,,,,P15813,361
362,ANPRA_HUMAN,To_add,,Receptor (uniprot),P16066,362
363,CD44_HUMAN,,,,P16070,363
364,LYAM3_HUMAN,To_add,,Ca2+-dependent receptor (uniprot),P16109,364
365,ITB4_HUMAN,,,Integrin,P16144,365
366,LEUK_HUMAN,To_add | To_comment,transmembrane_add | extracellular_add,Uniprot: cell surface sialoprotein,P16150,366
367,PGFRA_HUMAN,,,,P16234,367
368,PECA1_HUMAN,,,,P16284,368
369,CTLA4_HUMAN,To_comment,Extracellular_add,,P16410,369
370,DPEP1_HUMAN,,,,P16444,370
371,PRLR_HUMAN,To_add,,cytokine_receptor,P16471,371
372,TSHR_HUMAN,,,,P16473,372
373,LYAM2_HUMAN,,,,P16581,373
374,CCL3L1,,,,P16619,374
375,CD36_HUMAN,,,,P16671,375
376,IL7RA_HUMAN,,,,P16871,376
377,INAR1_HUMAN,,,,P17181,377
378,ITA2_HUMAN,To_add,,Integrin (uniprot),P17301,378
379,ACHB2_HUMAN,,,,P17787,379
380,LEG3_HUMAN,,,,P17931,380
381,IBP3_HUMAN,,,,P17936,381
382,VGFR1_HUMAN,,,Migration,P17948,382
383,BMP7_HUMAN,,,,P18075,383
384,ITB5_HUMAN,To_add,,Integrin (uniprot),P18084,384
385,ADA2B_HUMAN,To_remove,,no ensembl,P18089,385
386,PACA_HUMAN,,,,P18509,386
387,IL1RA_HUMAN,,,,P18510,387
388,ITB6_HUMAN,To_add,,Integrin (uniprot),P18564,388
389,LAG3_HUMAN,To_add | To_comment,,Iglike | Possible_receptor,P18627,389
390,ADA2C_HUMAN,,,,P18825,390
391,CADH2_HUMAN,,,Migration,P19022,391
392,EPOR_HUMAN,,,,P19235,392
393,LFA3_HUMAN,To_comment,Extracellular_add,,P19256,393
394,VCAM1_HUMAN,To_add | To_comment,,Iglike | ligandIUPHAR,P19320,394
395,TNR1A_HUMAN,,,,P19438,395
396,GGT1_HUMAN,,,,P19440,396
397,CXCL2_HUMAN,,,,P19875,397
398,CXCL3_HUMAN,,,,P19876,398
399,CR2_HUMAN,To_add,,Receptor for complement C3Dd (uniprot),P20023,399
400,CD22_HUMAN,To_comment,Receptor_add,,P20273,400
401,AL5AP_HUMAN,To_add,,,P20292,401
402,ACM3_HUMAN,,,,P20309,402
403,TNR1B_HUMAN,,,,P20333,403
404,TKN1_HUMAN,,,,P20366,404
405,MCH_HUMAN,,,,P20382,405
406,TRH_HUMAN,,,,P20396,406
407,ITAL_HUMAN,To_comment,Extracellular_add,Integrin,P20701,407
408,ITAX_HUMAN,To_add,,Integrin (uniprot),P20702,408
409,NTF3_HUMAN,,,,P20783,409
410,IL11_HUMAN,,,,P20809,410
411,EFNA1_HUMAN,To_comment,extracellular_add,ligandIUPHAR,P20827,411
412,CO9A1_HUMAN,,,Collagen,P20849,412
413,CO5A1_HUMAN,,,Collagen,P20908,413
414,PTN_HUMAN,,,,P21246,414
415,NK2R_HUMAN,,,,P21452,415
416,FPR1_HUMAN,,,,P21462,416
417,CNR1_HUMAN,,,,P21554,417
418,SCF_HUMAN,,,,P21583,418
419,EPHA1_HUMAN,,,,P21709,419
420,DRD1_HUMAN,,,,P21728,420
421,C5AR1_HUMAN,,,,P21730,421
422,TA2R_HUMAN,,,,P21731,422
423,MK_HUMAN,,,,P21741,423
424,FGF7_HUMAN,,,,P21781,424
425,FGFR2_HUMAN,,,,P21802,425
426,CD72_HUMAN,To_add | To_comment,Extracellular_add,Plays a role in B-cell proliferation and differentiation (uniprot),P21854,426
427,ERBB3_HUMAN,,,,P21860,427
428,DRD4_HUMAN,,,,P21917,428
429,DRD5_HUMAN,,,,P21918,429
430,BMP5_HUMAN,,,,P22003,430
431,BMP6_HUMAN,,,,P22004,431
432,CADH3_HUMAN,,,Cadherin,P22223,432
433,IL10_HUMAN,,,,P22301,433
434,CCL1_HUMAN,,,,P22362,434
435,FGFR4_HUMAN,,,Migration,P22455,435
436,GALA_HUMAN,,,,P22466,436
437,FGFR3_HUMAN,,,,P22607,437
438,LSHR_HUMAN,,,,P22888,438
439,MRC1_HUMAN,,,,P22897,439
440,ITA6_HUMAN,,,Integrin,P23229,440
441,PTPRZ_HUMAN,,,,P23471,441
442,TNFL4_HUMAN,To_add,,ligandIUPHAR,P23510,442
443,BDNF_HUMAN,,,,P23560,443
444,FSHR_HUMAN,,,,P23945,444
445,IL4RA_HUMAN,,,,P24394,445
446,TENA_HUMAN,,,,P24821,446
447,HRH2_HUMAN,,,,P25021,447
448,CXCR1_HUMAN,,,,P25024,448
449,CXCR2_HUMAN,,,,P25025,449
450,CO8A2_HUMAN,,,Collagen,P25067,450
451,FPR3_HUMAN,,,,P25089,451
452,FPR2_HUMAN,,,,P25090,452
453,ADA1D_HUMAN,,,,P25100,453
454,NK1R_HUMAN,,,,P25103,454
455,TNR6_HUMAN,,,,P25445,455
456,TNR5_HUMAN,To_comment,Extracellular_add,,P25942,456
457,ITB7_HUMAN,To_add,,Integrin (uniprot),P26010,457
458,ITB8_HUMAN,To_add,,Integrin (uniprot),P26012,458
459,CNTF_HUMAN,To_add,,ligandIUPHAR,P26441,459
460,NKG2A_HUMAN,To_add | To_comment,Extracellular_add,KLR_add (uniprot),P26715,460
461,NKG2C_HUMAN,To_add | To_comment,Extracellular_add,KLR_add (uniprot),P26717,461
462,NKG2D_HUMAN,To_comment,Extracellular_add,,P26718,462
463,CD27_HUMAN,To_add,,Cytokine_receptor_add (uniprot),P26842,463
464,IL3RA_HUMAN,To_add,,cytokine_receptor,P26951,464
465,CNTFR_HUMAN,,,,P26992,465
466,AVR2A_HUMAN,To_add,,complex (uniprot),P27037,466
467,DPP4_HUMAN,,,,P27487,467
468,GDF1_HUMAN,,,,P27539,468
469,IL1R2_HUMAN,,,,P27930,469
470,5HT1D_HUMAN,,,,P28221,470
471,5HT1B_HUMAN,,,,P28222,471
472,5HT2A_HUMAN,,,,P28223,472
473,5HT2C_HUMAN,,,,P28335,473
474,NMBR_HUMAN,,,,P28336,474
475,5HT1E_HUMAN,,,,P28566,475
476,CD34_HUMAN,To_add,,Possible adhesion molecule (uniprot),P28906,476
477,CD38_HUMAN,To_add,,moonlights as a receptor in cells of the immune system (uniprot),P28907,477
478,TNR8_HUMAN,,,,P28908,478
479,AA2AR_HUMAN,,,,P29274,479
480,AA2BR_HUMAN,,,,P29275,480
481,EPHA2_HUMAN,,,Migration,P29317,481
482,EPHA3_HUMAN,,,Migration,P29320,482
483,EPHA8_HUMAN,,,,P29322,483
484,EPHB2_HUMAN,To_comment,Adhesion_add,,P29323,484
485,NK3R_HUMAN,,,,P29371,485
486,IL12A_HUMAN,,,,P29459,486
487,IL12B_HUMAN,,,,P29460,487
488,CD40L_HUMAN,,,,P29965,488
489,CD6_HUMAN,,,,P30203,489
490,BKRB2_HUMAN,,,,P30411,490
491,V2R_HUMAN,,,,P30518,491
492,UFO_HUMAN,,,,P30530,492
493,ACHA5_HUMAN,,,,P30532,493
494,AA1R_HUMAN,,,,P30542,494
495,GRPR_HUMAN,,,,P30550,495
496,AGTR1_HUMAN,,,,P30556,496
497,OXYR_HUMAN,,,,P30559,497
498,SSR1_HUMAN,,,,P30872,498
499,SSR2_HUMAN,,,,P30874,499
500,ACHB4_HUMAN,,,,P30926,500
501,5HT1F_HUMAN,,,,P30939,501
502,GNRHR_HUMAN,,,,P30968,502
503,CALCR_HUMAN,,,,P30988,503
504,NEUT_HUMAN,,,,P30990,504
505,CD52_HUMAN,,,,P31358,505
506,FGF9_HUMAN,,,,P31371,506
507,SSR4_HUMAN,,,Migration,P31391,507
508,IL2RG_HUMAN,To_add,,cytokine_receptor,P31785,508
509,CEAM8_HUMAN,To_comment,Adhesion_add,,P31997,509
510,L1CAM_HUMAN,,,,P32004,510
511,CCKAR_HUMAN,,,,P32238,511
512,GASR_HUMAN,,,,P32239,512
513,VIPR1_HUMAN,,,,P32241,513
514,MC4R_HUMAN,,,,P32245,514
515,CCR1_HUMAN,,,,P32246,515
516,CCR7_HUMAN,,,,P32248,516
517,ACHA3_HUMAN,,,,P32297,517
518,CXCR5_HUMAN,,,,P32302,518
519,SSR3_HUMAN,,,,P32745,519
520,IFNA8_HUMAN,,,,P32881,520
521,IL3RB_HUMAN,To_add,,cytokine_receptor,P32927,521
522,ICAM3_HUMAN,To_add | To_comment,Extracellular_add,Iglike,P32942,522
523,CD70_HUMAN,To_add | To_comment,secreted_highlight,Cytokine that binds to CD27 (uniprot),P32970,523
524,TNFL8_HUMAN,To_add,,ligandIUPHAR,P32971,524
525,MC5R_HUMAN,,,,P33032,525
526,CD80_HUMAN,To_add | To_comment,Extracellular_add,Iglike,P33681,526
527,NTF4_HUMAN,,,,P34130,527
528,RYK_HUMAN,To_remove,,no ensembl,P34925,528
529,5HT7R_HUMAN,,,,P34969,529
530,CNR2_HUMAN,,,,P34972,530
531,TRFR_HUMAN,,,,P34981,531
532,PE2R1_HUMAN,,,,P34995,532
533,CRFR1_HUMAN,,,,P34998,533
534,BTC_HUMAN,,,,P35070,534
535,IL13_HUMAN,,,,P35225,535
536,ADML_HUMAN,,,,P35318,536
537,SSR5_HUMAN,,,,P35346,537
538,ADA1A_HUMAN,,,,P35348,538
539,HRH1_HUMAN,,,,P35367,539
540,ADA1B_HUMAN,,,,P35368,540
541,OPRM_HUMAN,,,,P35372,541
542,PE2R4_HUMAN,,,,P35408,542
543,APJ_HUMAN,,,,P35414,543
544,DRD3_HUMAN,,,,P35462,544
545,FBN1_HUMAN,,,,P35555,545
546,BASI_HUMAN,,,Possible_receptor,P35613,546
547,VGFR3_HUMAN,,,,P35916,547
548,VGFR2_HUMAN,,,,P35968,548
549,ACHA7_HUMAN,,,,P36544,549
550,FLT3_HUMAN,To_add | To_comment,Extracellular_add,Iglike,P36888,550
551,BMR1A_HUMAN,To_add | To_comment,Extracellular_add,complex (uniprot),P36894,551
552,ACV1B_HUMAN,,,IUPHAR,P36896,552
553,TGFR1_HUMAN,,,,P36897,553
554,TNR3_HUMAN,To_add,,TNF_receptor_add (uniprot),P36941,554
555,ACVL1_HUMAN,,,,P37023,555
556,TGFR2_HUMAN,,,,P37173,556
557,V1AR_HUMAN,,,,P37288,557
558,INGR2_HUMAN,,,,P38484,558
559,ITAE_HUMAN,To_add,,Integrin (uniprot),P38570,559
560,GDNF_HUMAN,,,,P39905,560
561,IL6RB_HUMAN,,,,P40189,561
562,CEAM6_HUMAN,To_comment,Adhesion_add,,P40199,562
563,TACT_HUMAN,To_add | To_comment,Receptor_add | Extracellular_add,Iglike | Receptor_add,P40200,563
564,TPO_HUMAN,,,,P40225,564
565,TPOR_HUMAN,,,,P40238,565
566,IL15_HUMAN,,,,P40933,566
567,OPRD_HUMAN,,,,P41143,567
568,OPRK_HUMAN,,,,P41145,568
569,OPRX_HUMAN,,,,P41146,569
570,LEP_HUMAN,,,,P41159,570
571,OX2G_HUMAN,To_comment,Extracellular_add,,P41217,571
572,WNT5A_HUMAN,,,,P41221,572
573,TNFL9_HUMAN,To_add,,ligandIUPHAR,P41273,573
574,VIPR2_HUMAN,,,,P41587,574
575,5HT2B_HUMAN,,,,P41595,575
576,CCR2_HUMAN,,,,P41597,576
577,MC3R_HUMAN,,,,P41968,577
578,CD86_HUMAN,To_comment,Extracellular_add,,P42081,578
579,ASIP_HUMAN,,,,P42127,579
580,I12R1_HUMAN,To_add,,cytokine_receptor,P42701,580
581,LIFR_HUMAN,,,,P42702,581
582,CXCL5_HUMAN,,,,P42830,582
583,GDF5_HUMAN,,,,P43026,583
584,PF2R_HUMAN,,,,P43088,584
585,PE2R3_HUMAN,,,,P43115,585
586,PE2R2_HUMAN,,,,P43116,586
587,PI2R_HUMAN,,,,P43119,587
588,DCC_HUMAN,To_add,,Iglike,P43146,588
589,GLP1R_HUMAN,,,,P43220,589
590,TNR4_HUMAN,To_add,,TNF_receptor_add (uniprot),P43489,590
591,KI2L1_HUMAN,To_comment,Extracellular_add,,P43626,591
592,KI2L3_HUMAN,To_comment,Extracellular_add,,P43628,592
593,KI3L1_HUMAN,To_comment,Extracellular_add,,P43629,593
594,KI3L2_HUMAN,To_comment,Extracellular_add,,P43630,594
595,ACHA4_HUMAN,,,,P43681,595
596,GPR1_HUMAN,,,,P46091,596
597,CCR10_HUMAN,,,,P46092,597
598,XCR1_HUMAN,,,,P46094,598
599,5HT3A_HUMAN,,,,P46098,599
600,BAG6_HUMAN,To_add | To_comment,Extracellular_add,complex,P46379,600
601,NOTC1_HUMAN,,,,P46531,601
602,BKRB1_HUMAN,,,Migration,P46663,602
603,GALR1_HUMAN,,,,P47211,603
604,GLR_HUMAN,,,,P47871,604
605,SCTR_HUMAN,,,,P47872,605
606,5HT5A_HUMAN,,,,P47898,606
607,V1BR_HUMAN,,,,P47901,607
608,XCL1_HUMAN,,,,P47992,608
609,TNFL6_HUMAN,,,,P48023,609
610,MTR1A_HUMAN,,,,P48039,610
611,SDF1_HUMAN,,,,P48061,611
612,NPBW1_HUMAN,,,,P48145,612
613,NPBW2_HUMAN,,,,P48146,613
614,LEPR_HUMAN,To_comment,Receptor_add,,P48357,614
615,GIPR_HUMAN,,,,P48546,615
616,INAR2_HUMAN,,,,P48551,616
617,NMU_HUMAN,,,,P48645,617
618,CD97_HUMAN,,,,P48960,618
619,PTH2R_HUMAN,,,,P49190,619
620,CX3C1_HUMAN,,,,P49238,620
621,MTR1B_HUMAN,,,,P49286,621
622,CXCR3_HUMAN,,,,P49682,622
623,PRLHR_HUMAN,,,,P49683,623
624,GPR15_HUMAN,,,,P49685,624
625,PLGF_HUMAN,,,,P49763,625
626,VEGFB_HUMAN,,,,P49765,626
627,VEGFC_HUMAN,,,,P49767,627
628,FLT3L_HUMAN,,,,P49771,628
629,ENTP1_HUMAN,To_add | To_comment,transmembrane_add | extracellular_add,,P49961,629
630,AGTR2_HUMAN,,,,P50052,630
631,5HT6R_HUMAN,,,,P50406,631
632,TNF10_HUMAN,To_add,,ligandIUPHAR,P50591,632
633,INSL3_HUMAN,,,,P51460,633
634,GPC3_HUMAN,,,,P51654,634
635,CCL11_HUMAN,,,,P51671,635
636,CCR3_HUMAN,,,,P51677,636
637,CCR4_HUMAN,,,,P51679,637
638,CCR5_HUMAN,,,,P51681,638
639,CCR6_HUMAN,,,,P51684,639
640,CCR8_HUMAN,,,,P51685,640
641,CCR9_HUMAN,,,,P51686,641
642,PLXA3_HUMAN,,,,P51805,642
643,GP143_HUMAN,,,,P51810,643
644,EFNA3_HUMAN,To_comment,extracellular_add,,P52797,644
645,EFNA4_HUMAN,,,,P52798,645
646,EFNB2_HUMAN,To_add,,ligandIUPHAR,P52799,646
647,EFNA5_HUMAN,To_comment,extracellular_add,,P52803,647
648,CO4A4_HUMAN,,,Collagen,P53420,648
649,ITA8_HUMAN,,,Integrin,P53708,649
650,MOT1_HUMAN,,,,P53985,650
651,EPHB3_HUMAN,To_comment,Adhesion_add,Migration,P54753,651
652,EPHA5_HUMAN,To_comment,Adhesion_add,,P54756,652
653,EPHB4_HUMAN,To_comment,Adhesion_add,,P54760,653
654,EPHB1_HUMAN,,,,P54762,654
655,EPHA4_HUMAN,,,,P54764,655
656,GAS1_HUMAN,,,,P54826,656
657,IOD3_HUMAN,,,,P55073,657
658,FGF8_HUMAN,,,,P55075,658
659,UCN1_HUMAN,,,,P55089,659
660,INHBC_HUMAN,,,,P55103,660
661,GDF10_HUMAN,,,,P55107,661
662,CADH6_HUMAN,,,Cadherin,P55285,662
663,CCL23_HUMAN,,,,P55773,663
664,CCL18_HUMAN,,,,P55774,664
665,FCGRN_HUMAN,,,,P55899,665
666,GFRA1_HUMAN,,,,P56159,666
667,ITA1_HUMAN,To_add,,Integrin (uniprot),P56199,667
668,WNT3_HUMAN,,,,P56703,668
669,WNT3A_HUMAN,,,,P56704,669
670,WNT4_HUMAN,,,,P56705,670
671,WNT7B_HUMAN,,,,P56706,671
672,NRG3_HUMAN,,,,P56975,672
673,JAM2_HUMAN,To_comment,Adhesion_add,,P57087,673
674,INHBE_HUMAN,,,,P58166,674
675,PROK1_HUMAN,,,,P58294,675
676,LIRA4_HUMAN,To_add,,Iglike,P59901,676
677,IL2_HUMAN,,,,P60568,677
678,CXCR4_HUMAN,,,,P61073,678
679,SMS_HUMAN,,,,P61278,679
680,B2MG_HUMAN,To_add,,Iglike,P61769,680
681,TGFB2_HUMAN,,,,P61812,681
682,PPIA_HUMAN,,,,P62937,682
683,SHPS1_HUMAN,To_add | To_comment,Receptor_add | Extracellular_add,Iglike | Receptor_add,P78324,683
684,X3CL1_HUMAN,,,,P78423,684
685,JAG1_HUMAN,To_add | To_comment,transmembrane_add | extracellular_add,,P78504,685
686,RELN_HUMAN,,,,P78509,686
687,I13R1_HUMAN,To_add,,cytokine_receptor,P78552,687
688,CCL20_HUMAN,,,,P78556,688
689,CCL8_HUMAN,,,,P80075,689
690,CCL7_HUMAN,,,,P80098,690
691,CXCL6_HUMAN,,,,P80162,691
692,NGAL_HUMAN,,,,P80188,692
693,DLK1_HUMAN,To_add | To_comment,transmembrane_add | extracellular_add,,P80370,693
694,PRRP_HUMAN,,,,P81277,694
695,VLDLR_HUMAN,To_add,,Binds VLDL (uniprot),P98155,695
696,EFNB1_HUMAN,To_add | To_comment,transmembrane_add | extracellular_add,Uniprot: Binds to the receptor tyrosine kinases EPHB1 and EPHA1.,P98172,696
697,NDP_HUMAN,,,,Q00604,697
698,IL9R_HUMAN,,,,Q01113,698
699,IL5RA_HUMAN,To_add,,cytokine_receptor,Q01344,699
700,ILRL1_HUMAN,,,,Q01638,700
701,ACTHR_HUMAN,,,,Q01718,701
702,MSHR_HUMAN,,,,Q01726,702
703,CO4A3_HUMAN,,,Collagen,Q01955,703
704,ROR1_HUMAN,To_add,,Iglike,Q01973,704
705,ROR2_HUMAN,,,,Q01974,705
706,TNR17_HUMAN,,,,Q02223,706
707,NRG1_HUMAN,,,,Q02297,707
708,CO7A1_HUMAN,,,Collagen,Q02388,708
709,DSG1_HUMAN,,,desmosome junctions,Q02413,709
710,DSC2_HUMAN,,,desmosome junctions,Q02487,710
711,GHRHR_HUMAN,,,,Q02643,711
712,TIE2_HUMAN,,,,Q02763,712
713,TGBR3_HUMAN,,,Migration,Q03167,713
714,UPAR_HUMAN,,,,Q03405,714
715,PTH1R_HUMAN,,,,Q03431,715
716,COAA1_HUMAN,,,Collagen,Q03692,716
717,NOTC2_HUMAN,,,,Q04721,717
718,ACVR1_HUMAN,To_add,,Receptor for activin. (uniprot),Q04771,718
719,RON_HUMAN,To_add,,Receptor tyrosine kinase that transduces signals from the extracellular matrix into the cytoplasm by binding to MST1 ligand. (uniprot),Q04912,719
720,COEA1_HUMAN,,,Collagen,Q05707,720
721,ACHB3_HUMAN,,,,Q05901,721
722,TYRO3_HUMAN,,,,Q06418,722
723,TNFC_HUMAN,To_add,,ligandIUPHAR,Q06643,723
724,TNR9_HUMAN,To_add,,TNF_receptor_add (uniprot),Q07011,724
725,COGA1_HUMAN,,,Collagen,Q07092,725
726,CXCL9_HUMAN,,,,Q07325,726
727,NKG2E_HUMAN,To_add,,KLR_add (uniprot),Q07444,727
728,I10R2_HUMAN,To_add,,cytokine_receptor,Q08334,728
729,DSC1_HUMAN,,,desmosome junctions,Q08554,729
730,CD47_HUMAN,To_comment,Receptor_add | Extracellular_add,,Q08722,730
731,FGL1_HUMAN,,,,Q08830,731
732,APOBR_HUMAN,,,,Q0VD83,732
733,BST2_HUMAN,,,,Q10589,733
734,CNTN1_HUMAN,,,,Q12860,734
735,MERTK_HUMAN,To_add,,Iglike,Q12866,735
736,KLRB1_HUMAN,To_add | To_comment,Extracellular_add,KLR_add (uniprot),Q12918,736
737,IL24_HUMAN,,,,Q13007,737
738,KLRD1_HUMAN,To_add,,KLR_add (uniprot),Q13241,738
739,PD2R_HUMAN,,,,Q13258,739
740,I15RA_HUMAN,To_add,,Cytokine_receptor (uniprot),Q13261,740
741,SEM3F_HUMAN,,,,Q13275,741
742,GPR17_HUMAN,,,,Q13304,742
743,CRFR2_HUMAN,,,,Q13324,743
744,PTPRS_HUMAN,To_add,,Iglike,Q13332,744
745,ITAD_HUMAN,To_add,,Integrin,Q13349,745
746,FZD5_HUMAN,To_comment,Extracellular_add,,Q13467,746
747,MADCA_HUMAN,To_add | To_comment,extracellular_add,ligandIUPHAR,Q13477,747
748,IL18R_HUMAN,To_add,,Iglike,Q13478,748
749,PNOC_HUMAN,,,,Q13519,749
750,SEM5A_HUMAN,To_add | To_comment,,Ligand for receptor PLXNB3. (uniprot),Q13591,750
751,5HT4R_HUMAN,,,,Q13639,751
752,I10R1_HUMAN,To_add,,cytokine_receptor,Q13651,752
753,ITA7_HUMAN,To_add | To_comment,Adhesion_add,Migration | Adhesion_add (uniprot),Q13683,753
754,AVR2B_HUMAN,,,IUPHAR,Q13705,754
755,CD166_HUMAN,To_comment,Extracellular_add,,Q13740,755
756,ITA9_HUMAN,To_add,,Integrin,Q13797,756
757,BMPR2_HUMAN,,,,Q13873,757
758,CO4A6_HUMAN,,,Collagen,Q14031,758
759,CO9A3_HUMAN,,,Collagen,Q14050,759
760,CO9A2_HUMAN,,,Collagen,Q14055,760
761,LRP8_HUMAN,,,,Q14114,761
762,IL18_HUMAN,,,,Q14116,762
763,DSG2_HUMAN,,,desmosome junctions,Q14126,763
764,IL27B_HUMAN,,,,Q14213,764
765,SELPL_HUMAN,To_add,,calcium-dependent interactions with E-,Q14242,765
766,FZD2_HUMAN,To_comment,Extracellular_add,,Q14332,766
767,GAS6_HUMAN,,,,Q14393,767
768,SEM3A_HUMAN,,,,Q14563,768
769,DSC3_HUMAN,,,desmosome junctions,Q14574,769
770,IHH_HUMAN,,,,Q14623,770
771,I11RA_HUMAN,To_add,,cytokine_receptor,Q14626,771
772,I13R2_HUMAN,To_add,,cytokine_receptor,Q14627,772
773,ICAM4_HUMAN,,,,Q14773,773
774,KI3S1_HUMAN,,,,Q14943,774
775,COJA1_HUMAN,,,Collagen,Q14993,775
776,PDCD1_HUMAN,To_add | To_comment,Iglike | Receptor | Extracellular_add,Uniprot description,Q15116,776
777,PVRL1_HUMAN,,,,Q15223,777
778,ERBB4_HUMAN,,,Migration,Q15303,778
779,EPHA7_HUMAN,To_comment,Adhesion_add,,Q15375,779
780,ANGP1_HUMAN,,,,Q15389,780
781,SHH_HUMAN,,,,Q15465,781
782,LT4R1_HUMAN,,,,Q15722,782
783,AAAT_HUMAN,,,,Q15758,783
784,CD226_HUMAN,To_comment,Extracellular_add,,Q15762,784
785,EFNB3_HUMAN,To_add,,ligandIUPHAR,Q15768,785
786,ACHA2_HUMAN,,,,Q15822,786
787,ACHA6_HUMAN,,,,Q15825,787
788,ADIPO_HUMAN,,,,Q15848,788
789,NTRK3_HUMAN,To_add,,Iglike,Q16288,789
790,IL17_HUMAN,,,,Q16552,790
791,ACKR1_HUMAN,To_add,,Atypical chemokine receptor (uniprot),Q16570,791
792,C3AR_HUMAN,,,,Q16581,792
793,CALRL_HUMAN,,,,Q16602,793
794,NTRK2_HUMAN,,,,Q16620,794
795,CCL14_HUMAN,,,,Q16627,795
796,CCL15_HUMAN,,,,Q16663,796
797,AMHR2_HUMAN,To_add,,receptor complex (uniprot),Q16671,797
798,LAMA3_HUMAN,,,laminin,Q16787,798
799,COOA1_HUMAN,,,Collagen,Q17RW2,799
800,MICB_HUMAN,To_comment,Extracellular_add,,Q29980,800
801,MICA_HUMAN,,,,Q29983,801
802,RSPO4_HUMAN,,,,Q2I0M5,802
803,RSPO1_HUMAN,,,,Q2MKA7,803
804,COSA1_HUMAN,,,Collagen,Q2UY09,804
805,TIGIT_HUMAN,To_comment,Extracellular_add,,Q495A1,805
806,CDON_HUMAN,,,,Q4KMG0,806
807,TRML2_HUMAN,,,,Q5T2D2,807
808,SFRP5_HUMAN,,,,Q5T4F7,808
809,ARTN_HUMAN,,,,Q5T4W7,809
810,CODA1_HUMAN,,,Collagen,Q5TAT6,810
811,IL23R_HUMAN,,,,Q5VWK5,811
812,RET1L_HUMAN,,,,Q5VY80,812
813,CD276_HUMAN,To_add | To_comment,,Iglike | Possible_receptor,Q5ZPR3,813
814,NR3L1_HUMAN,To_comment,Extracellular_add,,Q68D85,814
815,SFRP4_HUMAN,,,,Q6FHJ7,815
816,LAIR1_HUMAN,,,,Q6GTX8,816
817,RET1G_HUMAN,,,,Q6H3X3,817
818,SIGIR_HUMAN,To_add,,Iglike,Q6IA17,818
819,GDF6_HUMAN,,,,Q6KF10,819
820,CSPG4_HUMAN,,,Migration,Q6UVK1,820
821,CLC2A_HUMAN,To_comment,Extracellular_add,,Q6UVW9,821
822,IGFL1_HUMAN,,,,Q6UW32,822
823,EPGN_HUMAN,,,,Q6UW88,823
824,I27RA_HUMAN,To_add,,cytokine_receptor,Q6UWB1,824
825,IGFL2_HUMAN,,,,Q6UWQ7,825
826,IGFL3_HUMAN,,,,Q6UXB1,826
827,I20RB_HUMAN,To_add,,cytokine_receptor,Q6UXL0,827
828,RSPO2_HUMAN,,,,Q6UXX9,828
829,UNC5D_HUMAN,,,,Q6UXZ4,829
830,NPSR1_HUMAN,,,,Q6W5P4,830
831,SOSD1_HUMAN,,,,Q6X4U4,831
832,NSMF_HUMAN,,,,Q6X4W1,832
833,SCAR5_HUMAN,,,,Q6ZMJ2,833
834,IL34_HUMAN,,,,Q6ZMJ4,834
835,UNC5A_HUMAN,,,,Q6ZN44,835
836,5HT3D_HUMAN,,,,Q70Z44,836
837,UTS2B_HUMAN,,,,Q765I0,837
838,CTSR4_HUMAN,,,,Q7RTX7,838
839,ADM2_HUMAN,,,,Q7Z4H4,839
840,GDF7_HUMAN,,,,Q7Z4P5,840
841,BMP8A_HUMAN,,,,Q7Z5Y6,841
842,BTLA_HUMAN,To_add,extracellular_add,ligandIUPHAR,Q7Z6A9,842
843,ADR2_HUMAN,,,,Q86V24,843
844,IFNE_HUMAN,,,,Q86WN2,844
845,CTSRD_HUMAN,,,,Q86XM0,845
846,CTSR3_HUMAN,,,,Q86XQ3,846
847,TM219_HUMAN,,,,Q86XT9,847
848,GPHB5_HUMAN,,,,Q86YW7,848
849,KLOTB_HUMAN,,,,Q86Z14,849
850,IFNL1_HUMAN,,,,Q8IU54,850
851,INLR1_HUMAN,To_add,,cytokine_receptor,Q8IU57,851
852,CORA1_HUMAN,,,Collagen,Q8IZC6,852
853,IFNL3_HUMAN,,,,Q8IZI9,853
854,IFNL2_HUMAN,,,,Q8IZJ0,854
855,UNC5B_HUMAN,,,,Q8IZJ1,855
856,CADM3_HUMAN,,,,Q8N126,856
857,LIRB2_HUMAN,To_add,,Iglike,Q8N423,857
858,SFRP1_HUMAN,,,,Q8N474,858
859,I22R1_HUMAN,To_add,,cytokine_receptor,Q8N6P7,859
860,CD177_HUMAN,To_comment,Adhesion_add,,Q8N6Q3,860
861,NPW_HUMAN,,,,Q8N729,861
862,I17RC_HUMAN,,,,Q8NAC3,862
863,DGLB_HUMAN,,,,Q8NCG7,863
864,CTSR1_HUMAN,,,,Q8NEC5,864
865,ACV1C_HUMAN,To_add,,Receptor for activin AB,Q8NER5,865
866,IL27A_HUMAN,,,,Q8NEV9,866
867,PKR2_HUMAN,,,,Q8NFJ6,867
868,I17RE_HUMAN,,,,Q8NFR9,868
869,COMA1_HUMAN,,,Collagen,Q8NFW1,869
870,SEM6D_HUMAN,,,Possible_receptor,Q8NFY4,870
871,CADM4_HUMAN,To_add,,Iglike,Q8NFZ8,871
872,NPB_HUMAN,,,,Q8NG41,872
873,LIRB4_HUMAN,,,,Q8NHJ6,873
874,LIRB1_HUMAN,,,,Q8NHL6,874
875,PKR1_HUMAN,,,,Q8TCW9,875
876,N2DL4_HUMAN,To_add,,Binds and activates the KLRK1/NKG2D receptor (uniprot),Q8TD07,876
877,MO2R1_HUMAN,,,,Q8TD46,877
878,HAVR2_HUMAN,To_add | To_comment,Receptor_add | Extracellular_add,Iglike. Cell surface receptor implicated in modulating innate and adaptive immune responses (uniprot),Q8TDQ0,878
879,OXER1_HUMAN,,,,Q8TDS5,879
880,RL3R2_HUMAN,,,,Q8TDU9,880
881,GP151_HUMAN,,,,Q8TDV0,881
882,S22AH_HUMAN,,,,Q8WUG5,882
883,NRG4_HUMAN,,,,Q8WWG1,883
884,IL1FA_HUMAN,,,,Q8WWZ1,884
885,5HT3C_HUMAN,,,,Q8WXA8,885
886,RXFP2_HUMAN,,,,Q8WXD0,886
887,REL3_HUMAN,,,,Q8WXF3,887
888,CLC2B_HUMAN,To_add | To_comment,Extracellular_add,member of the C-type lectin/C-type lectin-like domain (CTL/CTLD) superfamily. NK cell signalling. Reviewed in PMID:24987108,Q92478,888
889,CCL17_HUMAN,,,,Q92583,889
890,SORL_HUMAN,To_add,,Likely to be a multifunctional endocytic receptor (uniprot),Q92673,890
891,PVRL2_HUMAN,To_comment,Extracellular_add,,Q92692,891
892,SFRP3_HUMAN,,,,Q92765,892
893,SEM4D_HUMAN,,,,Q92854,893
894,GSLG1_HUMAN,To_add | To_comment,transmembrane_add | extracellular_add,Uniprot: Binds E-selectin,Q92896,894
895,TNR14_HUMAN,To_add,,TNF_receptor_add (uniprot),Q92956,895
896,TNR25_HUMAN,,,,Q93038,896
897,WNT2B_HUMAN,,,,Q93097,897
898,WNT8B_HUMAN,,,,Q93098,898
899,TSLP_HUMAN,,,,Q969D9,899
900,UCN3_HUMAN,,,,Q969E3,900
901,MCHR2_HUMAN,,,,Q969V1,901
902,ADR1_HUMAN,,,,Q96A54,902
903,COQA1_HUMAN,,,Collagen,Q96A83,903
904,TIP39_HUMAN,,,,Q96A98,904
905,ESAM_HUMAN,,,,Q96AP7,905
906,KLRG1_HUMAN,,,,Q96E93,906
907,I17RA_HUMAN,,,,Q96F46,907
908,SFRP2_HUMAN,,,,Q96HF1,908
909,ROBO3_HUMAN,To_add,,Iglike,Q96MS0,909
910,PVRL4_HUMAN,,,,Q96NY8,910
911,COLA1_HUMAN,,,Collagen,Q96P44,911
912,CTSR2_HUMAN,,,,Q96P56,912
913,GNRR2_HUMAN,To_remove,,no ensembl,Q96P88,913
914,IL17F_HUMAN,,,,Q96PD4,914
915,HHIP_HUMAN,,,,Q96QV1,915
916,TR13C_HUMAN,To_add,,TNF_receptor_add (uniprot),Q96RJ3,916
917,UCN2_HUMAN,,,,Q96RP3,917
918,NODAL_HUMAN,,,,Q96S42,918
919,GPHA2_HUMAN,,,,Q96T91,919
920,CSF3R_HUMAN,,,,Q99062,920
921,HBEGF_HUMAN,,,,Q99075,921
922,NELL2_HUMAN,,,,Q99435,922
923,NOTC4_HUMAN,,,,Q99466,923
924,SORT_HUMAN,,,,Q99523,924
925,GPER1_HUMAN,,,,Q99527,925
926,CCL13_HUMAN,,,,Q99616,926
927,OSMR_HUMAN,To_add,,cytokine_receptor,Q99650,927
928,I12R2_HUMAN,To_add,,cytokine_receptor,Q99665,928
929,MCHR1_HUMAN,,,,Q99705,929
930,COCA1_HUMAN,,,Collagen,Q99715,930
931,CCL19_HUMAN,,,,Q99731,931
932,NRTN_HUMAN,,,,Q99748,932
933,CML1_HUMAN,,,,Q99788,933
934,RARR2_HUMAN,,,,Q99969,934
935,OMD_HUMAN,,,,Q99983,935
936,SEM3C_HUMAN,,,,Q99985,936
937,PD1L2_HUMAN,To_comment,Extracellular_add,,Q9BQ51,937
938,SPXN_HUMAN,,,,Q9BT56,938
939,BOC_HUMAN,,,,Q9BWV1,939
940,JAM3_HUMAN,,,,Q9BX67,940
941,STRA6_HUMAN,,,,Q9BX79,941
942,LGR4_HUMAN,,,,Q9BXB1,942
943,AMNLS_HUMAN,,,,Q9BXJ7,943
944,RSPO3_HUMAN,,,,Q9BXY4,944
945,CADM1_HUMAN,To_comment,Extracellular_add,,Q9BY67,945
946,N2DL3_HUMAN,To_comment,Extracellular_add,,Q9BZM4,946
947,N2DL2_HUMAN,,,,Q9BZM5,947
948,N2DL1_HUMAN,To_comment,Receptor_add | Extracellular_add,,Q9BZM6,948
949,CD244_HUMAN,To_comment,Extracellular_add,,Q9BZW8,949
950,SEM4C_HUMAN,To_comment,Receptor_add,,Q9C0C4,950
951,PDGFD_HUMAN,,,,Q9GZP0,951
952,NMUR2_HUMAN,,,,Q9GZQ4,952
953,WN10A_HUMAN,,,,Q9GZT5,953
954,FGF23_HUMAN,,,,Q9GZV9,954
955,IL22_HUMAN,,,,Q9GZX6,955
956,GFRA4_HUMAN,,,,Q9GZZ7,956
957,WNT8A_HUMAN,,,,Q9H1J5,957
958,WNT5B_HUMAN,,,,Q9H1J7,958
959,IL25_HUMAN,,,,Q9H293,959
960,CXL16_HUMAN,,,,Q9H2A7,960
961,SEM6A_HUMAN,,,Possible_receptor,Q9H2E6,961
962,CLC4M_HUMAN,,,,Q9H2X3,962
963,HRH4_HUMAN,,,,Q9H3N8,963
964,SEM4A_HUMAN,,,,Q9H3S1,964
965,FZD8_HUMAN,To_comment,Extracellular_add,,Q9H461,965
966,E41L1_HUMAN,To_add,,,Q9H4G0,966
967,IGFR1_HUMAN,,,,Q9H665,967
968,ILRL2_HUMAN,To_add,,Iglike,Q9HB29,968
969,NET4_HUMAN,,,,Q9HB63,969
970,NMUR1_HUMAN,,,,Q9HB89,970
971,IL21_HUMAN,,,,Q9HBE4,971
972,IL21R_HUMAN,To_add,,cytokine_receptor,Q9HBE5,972
973,LGR6_HUMAN,,,,Q9HBX8,973
974,RXFP1_HUMAN,,,,Q9HBX9,974
975,PROK2_HUMAN,,,,Q9HC23,975
976,CRLF2_HUMAN,,,,Q9HC73,976
977,ROBO2_HUMAN,To_add | To_comment,Receptor_add,Iglike | Receptor_add,Q9HCK4,977
978,PLXA4_HUMAN,,,,Q9HCM2,978
979,FGF22_HUMAN,,,,Q9HCT0,979
980,CD209_HUMAN,,,,Q9NNX6,980
981,TNR12_HUMAN,To_add,,TNF_receptor_add (uniprot),Q9NP84,981
982,FGF20_HUMAN,,,,Q9NP95,982
983,ACKR4_HUMAN,,,,Q9NPB9,983
984,LT4R2_HUMAN,,,,Q9NPC1,984
985,IL23A_HUMAN,,,,Q9NPF7,985
986,FZD3_HUMAN,To_comment,Extracellular_add,,Q9NPG1,986
987,IL1AP_HUMAN,,,,Q9NPH3,987
988,IL26_HUMAN,,,,Q9NPH9,988
989,PVRL3_HUMAN,To_comment,Extracellular_add,,Q9NQS3,989
990,GDF3_HUMAN,,,,Q9NR23,990
991,DLL4_HUMAN,To_comment,extracellular_add,ligandIUPHAR,Q9NR61,991
992,PDGFC_HUMAN,,,,Q9NRA1,992
993,CCL28_HUMAN,,,,Q9NRJ3,993
994,I17RB_HUMAN,,,,Q9NRM6,994
995,HEBP1_HUMAN,To_add | To_comment,transmembrane_add | extracellular_add,"Genecards: This protein includes a natural chemoattractant peptide of 21 amino acids at the N-terminus, which is a natural ligand for formyl peptide receptor-like receptor 2 (FPRL2) ",Q9NRV9,995
996,CLTR2_HUMAN,,,,Q9NS75,996
997,FGF21_HUMAN,,,,Q9NSA1,997
998,RL3R1_HUMAN,,,,Q9NSD7,998
999,SEM4G_HUMAN,,,Possible_receptor,Q9NTN9,999
1000,DLL3_HUMAN,To_add | To_comment,transmembrane_add | extracellular_add,,Q9NYJ7,1000
1001,IL20_HUMAN,,,,Q9NYY1,1001
1002,PDXL2_HUMAN,To_add,,Acts as a ligand for vascular selectins. (uniprot),Q9NZ53,1002
1003,TREM2_HUMAN,,,,Q9NZC2,1003
1004,IL37_HUMAN,,,,Q9NZH6,1004
1005,IL36B_HUMAN,,,,Q9NZH7,1005
1006,IL36G_HUMAN,,,,Q9NZH8,1006
1007,PD1L1_HUMAN,To_comment,extracellular_add,ligandIUPHAR,Q9NZQ7,1007
1008,KLRF1_HUMAN,To_add | To_comment,Extracellular_add,KLR_add (uniprot),Q9NZS2,1008
1009,IL17C_HUMAN,,,,Q9P0M4,1009
1010,IFNK_HUMAN,,,,Q9P0W0,1010
1011,SIRPG_HUMAN,To_add,,Iglike,Q9P1W8,1011
1012,COKA1_HUMAN,,,Collagen,Q9P218,1012
1013,C5AR2_HUMAN,,,,Q9P296,1013
1014,GALP_HUMAN,,,,Q9UBC7,1014
1015,XCL2_HUMAN,,,,Q9UBD3,1015
1016,CLCF1_HUMAN,,,,Q9UBD9,1016
1017,I36RA_HUMAN,,,,Q9UBH0,1017
1018,HCST_HUMAN,To_add,,Transmembrane adapter protein (uniprot),Q9UBK5,1018
1019,TR10D_HUMAN,To_add,,TNF_receptor_add (uniprot),Q9UBN6,1019
1020,DKK2_HUMAN,,,,Q9UBU2,1020
1021,GHRL_HUMAN,,,,Q9UBU3,1021
1022,WNT16_HUMAN,,,,Q9UBV4,1022
1023,KLOT_HUMAN,,,,Q9UEF7,1023
1024,SUSD2_HUMAN,,,,Q9UGT4,1024
1025,IL36A_HUMAN,,,,Q9UHA7,1025
1026,IL19_HUMAN,,,,Q9UHD0,1026
1027,TKNK_HUMAN,,,,Q9UHF0,1027
1028,I20RA_HUMAN,To_add,,cytokine_receptor,Q9UHF4,1028
1029,CLC2D_HUMAN,To_comment,Extracellular_add,,Q9UHP7,1029
1030,PLXA1_HUMAN,,,,Q9UIW2,1030
1031,GDF2_HUMAN,,,,Q9UK05,1031
1032,PILRA_HUMAN,,,,Q9UKJ1,1032
1033,UR2R_HUMAN,,,,Q9UKP6,1033
1034,ITA11_HUMAN,To_add,,Integrin (uniprot),Q9UKX5,1034
1035,CADH7_HUMAN,,,Cadherin,Q9ULB5,1035
1036,PLXB3_HUMAN,,,,Q9ULL4,1036
1037,FZD4_HUMAN,To_comment,Extracellular_add,,Q9ULV1,1037
1038,FZD10_HUMAN,To_comment,Extracellular_add,,Q9ULW2,1038
1039,APEL_HUMAN,,,,Q9ULZ1,1039
1040,NOTC3_HUMAN,,,,Q9UM47,1040
1041,ALK_HUMAN,,,,Q9UM73,1041
1042,COHA1_HUMAN,,,Collagen,Q9UMD9,1042
1043,TNF18_HUMAN,To_add,,cytokine,Q9UNG2,1043
1044,FZD1_HUMAN,To_comment,Extracellular_add,,Q9UP38,1044
1045,TFR2_HUMAN,,,,Q9UP52,1045
1046,JAG2_HUMAN,To_add | To_comment,transmembrane_add | extracellular_add,Uniprot:Putative Notch ligand involved in the mediation of Notch signaling.,Q9Y219,1046
1047,CCL26_HUMAN,,,,Q9Y258,1047
1048,ANGP4_HUMAN,,,,Q9Y264,1048
1049,CLTR1_HUMAN,,,,Q9Y271,1049
1050,TN13B_HUMAN,,,,Q9Y275,1050
1051,GPR55_HUMAN,,,,Q9Y2T6,1051
1052,DGLA_HUMAN,,,,Q9Y4D2,1052
1053,PLXD1_HUMAN,,,,Q9Y4D7,1053
1054,CCL27_HUMAN,,,,Q9Y4X3,1054
1055,HRH3_HUMAN,,,,Q9Y5N1,1055
1056,INSL5_HUMAN,,,,Q9Y5Q6,1056
1057,TNR18_HUMAN,,,,Q9Y5U5,1057
1058,WIF1_HUMAN,,,,Q9Y5W5,1058
1059,PD2R2_HUMAN,,,,Q9Y5Y4,1059
1060,JAM1_HUMAN,To_comment,Extracellular_add,,Q9Y624,1060
1061,WNT6_HUMAN,,,,Q9Y6F9,1061
1062,ROBO1_HUMAN,,,,Q9Y6N7,1062
1063,TNR11_HUMAN,,,,Q9Y6Q6,1063
1064,ICOS_HUMAN,To_comment,Receptor_add,,Q9Y6W8,1064
1065,CP27B_HUMAN,To_add,,,O15528,1065
1066,PGES2_HUMAN,To_add,,,Q9H7Z7,1066
1067,DHC24_HUMAN,To_add,,,Q15392,1067
1068,CBR1_HUMAN,To_add,,,P16152,1068
1069,RARB_HUMAN,To_add,,,P10826,1069
1070,RARA_HUMAN,To_add,,,P10276,1070
1071,NMDE4_HUMAN,To_add,,,O15399,1071
1072,DPEP3_HUMAN,To_add,,,Q9H4B8,1072
1073,PTC2_HUMAN,To_add,,,Q9Y6C5,1073
1074,KISS1_HUMAN,To_add,,,Q15726,1074
1075,PXL2B_HUMAN,To_add,,,Q8TBF2,1075
1076,RABP2_HUMAN,To_add,,,P29373,1076
1077,3BHS1_HUMAN,To_add,,,P14060,1077
1078,GGT5_HUMAN,To_add,,,P36269,1078
1079,H17B6_HUMAN,To_add,,,O14756,1079
1080,ADX_HUMAN,To_add,,,P10109,1080
1081,NTR1_HUMAN,To_add,,,P30989,1081
1082,NPFF1_HUMAN,To_add,,,Q9GZQ6,1082
1083,LTC4S_HUMAN,To_add,,,Q16873,1083
1084,S5A1_HUMAN,To_add,,,P18405,1084
1085,NPY5R_HUMAN,To_add,,,Q15761,1085
1086,NPY1R_HUMAN,To_add,,,P25929,1086
1087,DAG1_HUMAN,To_add,,,Q14118,1087
1088,CELR3_HUMAN,To_add,,,Q9NYQ7,1088
1089,CLAT_HUMAN,To_add,,,P28329,1089
1090,AK1C3_HUMAN,To_add,,,P42330,1090
1091,CTSRB_HUMAN,To_add,,,Q9H7T0,1091
1092,PTGR1_HUMAN,To_add,,,Q14914,1092
1093,GLRA2_HUMAN,To_add,,,P23416,1093
1094,LOX12_HUMAN,To_add,,,P18054,1094
1095,C11B2_HUMAN,To_add,,,P19099,1095
1096,IRPL1_HUMAN,To_add,,,Q9NZN1,1096
1097,PTGES_HUMAN,To_add,,,O14684,1097
1098,CP17A_HUMAN,To_add,,,P05093,1098
1099,KISSR_HUMAN,To_add,,,Q969F8,1099
1100,KREM2_HUMAN,To_add,,,Q8NCW0,1100
1101,AL1A3_HUMAN,To_add,,,P47895,1101
1102,AK1D1_HUMAN,To_add,,,P51857,1102
1103,NPY4R_HUMAN,To_add,,,P50391,1103
1104,NPY2R_HUMAN,To_add,,,P49146,1104
1105,TEBP_HUMAN,To_add,,,Q15185,1105
1106,EDNRA_HUMAN,To_add,,,P25101,1106
1107,ADRO_HUMAN,To_add,,,P22570,1107
1108,PYY_HUMAN,To_add,,,P10082,1108
1109,KREM1_HUMAN,To_add,,,Q96MU8,1109
1110,NMDE1_HUMAN,To_add,,,Q12879,1110
1111,THAS_HUMAN,To_add,,,P24557,1111
1112,FDX2_HUMAN,To_add,,,Q6P4F2,1112
1113,UBS3B_HUMAN,To_add,,,Q8TF42,1113
1114,TYRO_HUMAN,To_add,,,P14679,1114
1115,ASMT_HUMAN,To_add,,,P46597,1115
1116,EDN2_HUMAN,To_add,,,P20800,1116
1117,DHB12_HUMAN,To_add,,,Q53GQ0,1117
1118,RXRA_HUMAN,To_add,,,P19793,1118
1119,RARG_HUMAN,To_add,,,P13631,1119
1120,QRFPR_HUMAN,To_add,,,Q96P65,1120
1121,AL1A1_HUMAN,To_add,,,P00352,1121
1122,LICH_HUMAN,To_add,,,P38571,1122
1123,CP11A_HUMAN,To_add,,,P05108,1123
1124,NMS_HUMAN,To_add,,,Q5H8A3,1124
1125,DCHS_HUMAN,To_add,,,P19113,1125
1126,OX26_HUMAN,To_add,,,P83859,1126
1127,PTC1_HUMAN,To_add,,,Q13635,1127
1128,RXRB_HUMAN,To_add,,,P28702,1128
1129,GHSR_HUMAN,To_add,,,Q92847,1129
1130,S5A2_HUMAN,To_add,,,P31213,1130
1131,CP3A4_HUMAN,To_add,,,P08684,1131
1132,NMDE3_HUMAN,To_add,,,Q14957,1132
1133,AL1A2_HUMAN,To_add,,,O94788,1133
1134,C11B1_HUMAN,To_add,,,P15538,1134
1135,REL1_HUMAN,To_add,,,P04808,1135
1136,CP19A_HUMAN,To_add,,,P11511,1136
1137,DHB1_HUMAN,To_add,,,P14061,1137
1138,PAHO_HUMAN,To_add,,,P01298,1138
1139,DDC_HUMAN,To_add,,,P20711,1139
1140,RXRG_HUMAN,To_add,,,P48443,1140
1141,CP21A_HUMAN,To_add,,,P08686,1141
1142,ALDR_HUMAN,To_add,,,P15121,1142
1143,NMDE2_HUMAN,To_add,,,Q13224,1143
1144,DHCR7_HUMAN,To_add,,,Q9UBM7,1144
1145,PERT_HUMAN,To_add,,,P07202,1145
1146,PORED_HUMAN,To_add,,,Q9H8P0,1146
1147,PACR_HUMAN,To_add,,,P41586,1147
1148,AGRL1_HUMAN,To_add,,,O94910,1148
1149,DHB3_HUMAN,To_add,,,P37058,1149
1150,PTGIS_HUMAN,To_add,,,Q16647,1150
1151,ST2A1_HUMAN,To_add,,,Q06520,1151
1152,DPEP2_HUMAN,To_add,,,Q9H4A9,1152
1153,ST1E1_HUMAN,To_add,,,P49888,1153
1154,ST1A1_HUMAN,To_add,,,P50225,1154
1155,DHRS9_HUMAN,To_add,,,Q9BPW9,1155
1156,PNMT_HUMAN,To_add,,,P11086,1156
1157,LKHA4_HUMAN,To_add,,,P09960,1157
1158,5NTD_HUMAN,,,,P21589,1158
1159,ACHB_HUMAN,,,,P11230,1159
1160,ACHD_HUMAN,,,,Q07001,1160
1161,ACHE_HUMAN,,,,Q04844,1161
1162,ACHG_HUMAN,,,,P07510,1162
1163,AGRA2_HUMAN,,,,Q96PE1,1163
1164,AGRB1_HUMAN,,,,O14514,1164
1165,AGRB2_HUMAN,,,,O60241,1165
1166,AGRB3_HUMAN,,,,O60242,1166
1167,AGRE2_HUMAN,,,,Q9UHX3,1167
1168,AGRG1_HUMAN,,,,Q9Y653,1168
1169,AGRG6_HUMAN,,,,Q86SQ4,1169
1170,AGRL2_HUMAN,,,,O95490,1170
1171,AGRL3_HUMAN,,,,Q9HAR2,1171
1172,APLP2_HUMAN,,,,Q06481,1172
1173,APRIO_HUMAN,,,,F7VJQ1,1173
1174,C1QL2_HUMAN,,,,Q7Z5L3,1174
1175,C1QL3_HUMAN,,,,Q5VWW1,1175
1176,C1QL4_HUMAN,,,,Q86Z23,1176
1177,C1QR1_HUMAN,,,,Q9NPY3,1177
1178,C1QRF_HUMAN,,,,O75973,1178
1179,CATG_HUMAN,Protease,,,P08311,1179
1180,CBLN1_HUMAN,,,,P23435,1180
1181,CD1B_HUMAN,,,,P29016,1181
1182,CD248_HUMAN,Glycoprotein,,,Q9HCU0,1182
1183,CD320_HUMAN,,,,Q9NPF0,1183
1184,CGB1_HUMAN,,,,A6NKQ9,1184
1185,CGB2_HUMAN,,,,Q6NT52,1185
1186,CGB3_HUMAN,,,,P0DN86,1186
1187,CGB7_HUMAN,,,,P0DN87,1187
1188,CSTN1_HUMAN,,,,O94985,1188
1189,CSTN2_HUMAN,Cadeherin family,,,Q9H4D0,1189
1190,CSTN3_HUMAN,Cadherin family,,,Q9BQT9,1190
1191,CXA1_HUMAN,,,,P17302,1191
1192,CXA3_HUMAN,,,,Q9Y6H8,1192
1193,CXA5_HUMAN,,,,P36382,1193
1194,CXG1_HUMAN,,,,P36383,1194
1195,DCE1_HUMAN,,,,Q99259,1195
1196,DCE2_HUMAN,,,,Q05329,1196
1197,EAA1_HUMAN,Transporter,,,P43003,1197
1198,EAA2_HUMAN,Transporter,,,P43004,1198
1199,EAA3_HUMAN,Transporter,,,P43005,1199
1200,EAA4_HUMAN,Transporter,,,P48664,1200
1201,EAA5_HUMAN,Transporter,,,O00341,1201
1202,EDN1_HUMAN,,,,P05305,1202
1203,EDN3_HUMAN,,,,P14138,1203
1204,EDNRB_HUMAN,,,,P24530,1204
1205,FLRT1_HUMAN,,,,Q9NZU1,1205
1206,FLRT2_HUMAN,,,,O43155,1206
1207,FLRT3_HUMAN,,,,Q9NZU0,1207
1208,GABR1_HUMAN,,,,Q9UBS5,1208
1209,GABR2_HUMAN,,,,O75899,1209
1210,GBRA1_HUMAN,,,,P14867,1210
1211,GBRA2_HUMAN,,,,P47869,1211
1212,GBRA3_HUMAN,,,,P34903,1212
1213,GBRA4_HUMAN,,,,P48169,1213
1214,GBRA5_HUMAN,,,,P31644,1214
1215,GBRA6_HUMAN,,,,Q16445,1215
1216,GBRB2_HUMAN,,,,P47870,1216
1217,GBRB3_HUMAN,,,,P28472,1217
1218,GBRD_HUMAN,,,,O14764,1218
1219,GBRE_HUMAN,,,,P78334,1219
1220,GBRG2_HUMAN,,,,P18507,1220
1221,GBRT_HUMAN,,,,Q9UN88,1221
1222,GLRA1_HUMAN,,,,P23415,1222
1223,GLRB_HUMAN,,,,P48167,1223
1224,GLSK_HUMAN,,,,O94925,1224
1225,GLSL_HUMAN,,,,Q9UI32,1225
1226,GLYC_HUMAN,,,,P34896,1226
1227,GLYM_HUMAN,,,,P34897,1227
1228,GPR39_HUMAN,,,,O43194,1228
1229,GRIA1_HUMAN,,,,P42261,1229
1230,GRIA2_HUMAN,,,,P42262,1230
1231,GRIA3_HUMAN,,,,P42263,1231
1232,GRIA4_HUMAN,,,,P48058,1232
1233,GRID2_HUMAN,,,,O43424,1233
1234,GRIK1_HUMAN,,,,P39086,1234
1235,GRIK2_HUMAN,,,,Q13002,1235
1236,GRIK3_HUMAN,,,,Q13003,1236
1237,GRIK4_HUMAN,,,,Q16099,1237
1238,GRIK5_HUMAN,,,,Q16478,1238
1239,GRM1_HUMAN,,,,Q13255,1239
1240,GRM2_HUMAN,,,,Q14416,1240
1241,GRM3_HUMAN,,,,Q14832,1241
1242,GRM4_HUMAN,,,,Q14833,1242
1243,GRM5_HUMAN,,,,P41594,1243
1244,GRM6_HUMAN,,,,O15303,1244
1245,GRM7_HUMAN,,,,Q14831,1245
1246,GRM8_HUMAN,,,,O00222,1246
1247,JAML_HUMAN,,,,Q86YT9,1247
1248,KI2LA_HUMAN,,,,Q8N109,1248
1249,LAMA2_HUMAN,,,,P24043,1249
1250,LPAR1_HUMAN,,,,Q92633,1250
1251,LPAR2_HUMAN,,,,Q9HBW0,1251
1252,LPAR3_HUMAN,,,,Q9UBY5,1252
1253,LRC4B_HUMAN,Cel adhesion molecule,,,Q9NT99,1253
1254,LRC4C_HUMAN,Cel adhesion molecule,,,Q9HCJ2,1254
1255,LRFN4_HUMAN,Cel adhesion molecule,,,Q6PJG9,1255
1256,LRFN5_HUMAN,Cel adhesion molecule,,,Q96NI6,1256
1257,LRRT1_HUMAN,Leucine rich repeat,,,Q86UE6,1257
1258,LRRT2_HUMAN,Leucine rich repeat,,,O43300,1258
1259,LRRT3_HUMAN,Leucine rich repeat,,,Q86VH5,1259
1260,LRRT4_HUMAN,Leucine rich repeat,,,Q86VH4,1260
1261,MPZL1_HUMAN,,,,O95297,1261
1262,MUC18_HUMAN,,,,P43121,1262
1263,NCHL1_HUMAN,,,,O00533,1263
1264,NLGN1_HUMAN,,,,Q8N2Q7,1264
1265,NLGN2_HUMAN,,,,Q8NFZ4,1265
1266,NLGN3_HUMAN,,,,Q9NZ94,1266
1267,NLGNX_HUMAN,Cell adhesion,,,Q8N0W4,1267
1268,NLGNY_HUMAN,,,,Q8NFZ3,1268
1269,NMDZ1_HUMAN,,,,Q05586,1269
1270,NPFF_HUMAN,,,,O15130,1270
1271,NPFF2_HUMAN,,,,Q9Y5X5,1271
1272,NPY_HUMAN,,,,P01303,1272
1273,NRCAM_HUMAN,Cell adhesion,,,Q92823,1273
1274,NRX1A_HUMAN,Involved in cell adhesion,,,Q9ULB1,1274
1275,NRX1B_HUMAN,Involved in cell adhesion,,,P58400,1275
1276,NRX2B_HUMAN,Involved in cell adhesion,,,P58401,1276
1277,NRX3B_HUMAN,Involved in cell adhesion,,,Q9HDB5,1277
1278,NTCP4_HUMAN,Transporter,,,Q96EP9,1278
1279,NTR2_HUMAN,,,,O95665,1279
1280,OLR1_HUMAN,,,,P78380,1280
1281,PAR1_HUMAN,,,,P25116,1281
1282,PAR3_HUMAN,,,,O00254,1282
1283,PAR4_HUMAN,,,,Q96RI0,1283
1284,PI16_HUMAN,,,,Q6UXB8,1284
1285,PIGR_HUMAN,,,,P01833,1285
1286,PTGDS_HUMAN,,,,P41222,1286
1287,PTPRD_HUMAN,,,,P23468,1287
1288,PTPRF_HUMAN,,,,P10586,1288
1289,RTN4R_HUMAN,,,,Q9BZR6,1289
1290,S29A1_HUMAN,Transporter,,,Q99808,1290
1291,S29A2_HUMAN,Transporter,,,Q14542,1291
1292,S29A3_HUMAN,Transporter,,,Q9BZD2,1292
1293,S29A4_HUMAN,Transporter,,,Q7RTT9,1293
1294,S6A11_HUMAN,Transporter,,,P48066,1294
1295,S6A12_HUMAN,Transporter,,,P48065,1295
1296,S6A13_HUMAN,Transporter,,,Q9NSD5,1296
1297,SC5A7_HUMAN,Transporter,,,Q9GZV3,1297
1298,SC6A1_HUMAN,Transporter,,,P30531,1298
1299,SC6A2_HUMAN,Transporter,,,P23975,1299
1300,SC6A3_HUMAN,Transporter,,,Q01959,1300
1301,SC6A4_HUMAN,Transporter,,,P31645,1301
1302,SC6A5_HUMAN,Transporter,,,Q9Y345,1302
1303,SC6A6_HUMAN,Transporter,,,P31641,1303
1304,SC6A8_HUMAN,Transporter,,,P48029,1304
1305,SC6A9_HUMAN,Transporter,,,P48067,1305
1306,SDC1_HUMAN,Proteoglycan,,,P18827,1306
1307,SDC2_HUMAN,Proteoglycan,,,P34741,1307
1308,SFTPD_HUMAN,,,,P35247,1308
1309,SLIK1_HUMAN,,,,Q96PX8,1309
1310,SLIK2_HUMAN,,,,Q9H156,1310
1311,SLIK3_HUMAN,,,,O94933,1311
1312,SLIK4_HUMAN,,,,Q8IW52,1312
1313,SLIK5_HUMAN,,,,O94991,1313
1314,SLIK6_HUMAN,,,,Q9H5Y7,1314
1315,TAAR1_HUMAN,,,,Q96RJ0,1315
1316,TEN1_HUMAN,Glycoprotein,,,Q9UKZ4,1316
1317,TEN2_HUMAN,Glycoprotein,,,Q9NT68,1317
1318,TEN3_HUMAN,Glycoprotein,,,Q9P273,1318
1319,TEN4_HUMAN,Glycoprotein,,,Q6N022,1319
1320,TGM2_HUMAN,,,,P21980,1320
1321,TPH1_HUMAN,,,,P17752,1321
1322,TPH2_HUMAN,,,,Q8IWU9,1322
1323,TX1B3_HUMAN,,,,O14907,1323
1324,VACHT_HUMAN,,,,Q16572,1324
1325,VASN_HUMAN,,,,Q6EMK4,1325
1326,VGLU1_HUMAN,Transporter,,,Q9P2U7,1326
1327,VGLU2_HUMAN,Transporter,,,Q9P2U8,1327
1328,VGLU3_HUMAN,Transporter,,,Q8NDX2,1328
1329,VIAAT_HUMAN,,,,Q9H598,1329
1330,VISTA_HUMAN,,,,Q9H7M9,1330
1331,VMAT1_HUMAN,,,,P54219,1331
1332,VMAT2_HUMAN,,,,Q05940,1332
1333,GLHA_HUMAN,,,,P01215,1333
1334,SUPYN_HUMAN,,,retrovirus,M5A8F1,1334
1335,EPHB6_HUMAN,To_remove,,no ensembl,O15197,1335
1336,HLAG_HUMAN,To_add | To_comment,Extracellular_add | Receptor_add,Iglike,P17693,1336
1337,CEL_HUMAN,To_remove,,no ensembl,P19835,1337
1338,CD24_HUMAN,,,cancer antigen,P25063,1338
1339,ACKR3_HUMAN,To_comment,Receptor_add,CoReceptor_Acts as coreceptor with CXCR4 for a restricted number of HIV isolates (uniprot),P25106,1339
1340,CO5A3_HUMAN,,,Collagen,P25940,1340
1341,ITA3_HUMAN,,,Integrin,P26006,1341
1342,HGFL_HUMAN,To_remove,,no ensembl,P26927,1342
1343,CO8A1_HUMAN,,,Collagen,P27658,1343
1344,CO4A5_HUMAN,,,Collagen,P29400,1344
1345,HLAF_HUMAN,To_add,,Iglike,P30511,1345
1346,CADH5_HUMAN,,,Cadherin,P33151,1346
1347,COFA1_HUMAN,,,Collagen,P39059,1347
1348,COIA1_HUMAN,,,Collagen,P39060,1348
1349,HFE_HUMAN,,,HLA,Q30201,1349
1350,SIG15_HUMAN,To_add | To_comment,Adhesion_add,Iglike,Q6ZMC9,1350
1351,HUNIN_HUMAN,To_remove,,no ensembl,Q8IVG9,1351
1352,SIG10_HUMAN,,,Sialic acid-binding Ig-like,Q96LC7,1352
1353,SN_HUMAN,,,Sialic acid-binding Ig-like,Q9BZZ2,1353
1354,TLR8_HUMAN,To_add,,TLR (uniprot),Q9NR97,1354
