cluster,gene,p_val,avg_logFC,pct.1,pct.2,p_val_adj,epi_type,subclus,new_id
1-1,CAPS,1.7999999999999998e-256,0.81,99.9%,95.6%,4.5e-252,CE,1,CE-1
1-1,CETN2,4.999999999999999e-209,0.75,98.5%,83.7%,1.2e-204,CE,1,CE-1
1-1,PIFO,1.1e-206,0.73,99.0%,83.0%,2.7e-202,CE,1,CE-1
1-1,C1orf194,5.0999999999999996e-204,0.77,98.9%,82.4%,1.3e-199,CE,1,CE-1
1-1,C9orf24,1.5999999999999997e-203,0.82,98.8%,86.3%,4.1e-199,CE,1,CE-1
1-1,SNTN,8e-187,0.8,98.2%,75.2%,1.9999999999999998e-182,CE,1,CE-1
1-1,AGR3,4.6e-179,0.77,98.4%,81.4%,1.1999999999999998e-174,CE,1,CE-1
1-1,C20orf85,2.3999999999999997e-176,0.67,99.3%,89.2%,5.899999999999999e-172,CE,1,CE-1
1-1,MORN2,7.099999999999999e-171,0.68,97.6%,77.3%,1.7999999999999997e-166,CE,1,CE-1
1-1,PERP,2.1999999999999995e-166,0.69,97.8%,75.7%,5.599999999999999e-162,CE,1,CE-1
1-1,HMGN3,1.8999999999999998e-162,0.63,98.5%,83.6%,4.6999999999999996e-158,CE,1,CE-1
1-1,TMEM59,6.599999999999999e-160,0.66,98.2%,82.0%,1.7e-155,CE,1,CE-1
1-1,RSPH1,5.899999999999999e-158,0.6,99.2%,84.6%,1.4999999999999997e-153,CE,1,CE-1
1-1,CALM1,4.1e-156,0.54,99.3%,90.8%,1e-151,CE,1,CE-1
1-1,AGR2,9.2e-151,0.9,98.4%,87.3%,2.2999999999999996e-146,CE,1,CE-1
1-1,METRN,1.1e-150,0.71,96.2%,74.6%,2.6999999999999995e-146,CE,1,CE-1
1-1,DYNLL1,3.4e-150,0.54,99.0%,90.9%,8.599999999999998e-146,CE,1,CE-1
1-1,CD24,1.6999999999999997e-149,0.64,98.2%,82.9%,4.299999999999999e-145,CE,1,CE-1
1-1,TXN,3.3999999999999995e-149,0.6,99.0%,92.3%,8.499999999999999e-145,CE,1,CE-1
1-1,PRDX5,7.599999999999998e-149,0.61,98.8%,91.9%,1.8999999999999997e-144,CE,1,CE-1
1-1,C9orf116,1.1999999999999999e-148,0.62,97.5%,78.9%,3e-144,CE,1,CE-1
1-1,IK,7.1e-148,0.65,97.2%,78.4%,1.8e-143,CE,1,CE-1
1-1,MORN5,1.0999999999999999e-147,0.61,94.8%,70.0%,2.7e-143,CE,1,CE-1
1-1,FAM183A,2.1999999999999996e-145,0.61,98.4%,82.9%,5.5e-141,CE,1,CE-1
1-1,CFAP126,3.399999999999999e-145,0.64,95.9%,72.2%,8.499999999999999e-141,CE,1,CE-1
1-1,CAPSL,1.2999999999999998e-144,0.59,97.9%,77.3%,3.2e-140,CE,1,CE-1
1-1,IGFBP7,2.2e-143,0.61,98.8%,88.8%,5.5e-139,CE,1,CE-1
1-1,C11orf88,5.9999999999999995e-142,0.65,97.5%,77.1%,1.5e-137,CE,1,CE-1
1-1,SPA17,1.3999999999999999e-140,0.58,95.5%,70.0%,3.4e-136,CE,1,CE-1
1-1,ODF3B,1.8e-139,0.64,98.2%,79.4%,4.4e-135,CE,1,CE-1
1-1,CCDC146,5.0999999999999996e-139,0.58,96.6%,74.5%,1.2999999999999999e-134,CE,1,CE-1
1-1,DYNLRB2,2.1e-137,0.63,94.3%,67.8%,5.199999999999999e-133,CE,1,CE-1
1-1,FAM92B,1.9999999999999998e-135,0.6,94.9%,67.5%,5.1e-131,CE,1,CE-1
1-1,C9orf135,3.7999999999999997e-135,0.55,93.0%,66.6%,9.499999999999998e-131,CE,1,CE-1
1-1,PSENEN,1.0999999999999999e-134,0.61,97.4%,79.9%,2.7999999999999998e-130,CE,1,CE-1
1-1,C5orf49,1.6999999999999998e-133,0.59,97.4%,80.7%,4.3e-129,CE,1,CE-1
1-1,FAM81B,9.799999999999998e-133,0.58,92.5%,65.3%,2.4e-128,CE,1,CE-1
1-1,ARHGAP18,4.7e-132,0.66,90.8%,65.7%,1.2e-127,CE,1,CE-1
1-1,PPIL6,2.0999999999999996e-130,0.56,89.6%,63.7%,5.1999999999999993e-126,CE,1,CE-1
1-1,SLC44A4,9.1e-129,0.57,88.7%,61.1%,2.3e-124,CE,1,CE-1
1-1,RBP1,1.9e-126,0.5,98.9%,87.4%,4.6999999999999994e-122,CE,1,CE-1
1-1,ANKRD66,3.0000000000000004e-124,0.54,84.5%,55.2%,7.599999999999998e-120,CE,1,CE-1
1-1,CYSTM1,2.6000000000000003e-123,0.52,97.7%,82.1%,6.599999999999999e-119,CE,1,CE-1
1-1,MLF1,5.4e-123,0.51,92.6%,72.1%,1.4000000000000002e-118,CE,1,CE-1
1-1,CFAP52,6.400000000000001e-123,0.55,83.3%,54.6%,1.6e-118,CE,1,CE-1
1-1,WDR54,6.9e-123,0.54,94.2%,73.0%,1.7000000000000002e-118,CE,1,CE-1
1-1,LRRC23,1.8999999999999998e-122,0.53,93.9%,69.6%,4.8e-118,CE,1,CE-1
1-1,CTSS,2.6e-122,0.62,85.6%,59.3%,6.6e-118,CE,1,CE-1
1-1,TAX1BP1,6.599999999999999e-122,0.57,95.2%,75.2%,1.6e-117,CE,1,CE-1
1-1,TPPP3,2e-121,0.66,98.4%,87.8%,5.0999999999999995e-117,CE,1,CE-1
1-1,GON7,3.8e-121,0.54,89.3%,63.1%,9.399999999999999e-117,CE,1,CE-1
1-1,FAM174A,9.6e-121,0.52,88.0%,63.4%,2.4e-116,CE,1,CE-1
1-1,C6,1.3999999999999996e-120,0.57,80.9%,50.2%,3.6e-116,CE,1,CE-1
1-1,TSPAN3,3.0999999999999995e-120,0.54,92.8%,69.9%,7.699999999999999e-116,CE,1,CE-1
1-1,CIB1,4.099999999999999e-120,0.56,98.0%,83.2%,9.999999999999999e-116,CE,1,CE-1
1-1,EFCAB1,3.4000000000000003e-118,0.52,92.4%,68.7%,8.4e-114,CE,1,CE-1
1-1,IFT57,4.3e-118,0.5,95.8%,75.7%,1.0999999999999999e-113,CE,1,CE-1
1-1,CCDC170,1.5e-117,0.61,93.9%,71.6%,3.799999999999999e-113,CE,1,CE-1
1-1,DYDC2,4.0999999999999996e-117,0.57,84.3%,57.9%,1e-112,CE,1,CE-1
1-1,ARMC3,6e-117,0.57,86.1%,59.7%,1.5e-112,CE,1,CE-1
1-1,NME5,1.2e-116,0.5,89.2%,62.7%,2.9e-112,CE,1,CE-1
1-1,ENKUR,5.999999999999999e-116,0.57,83.8%,57.4%,1.4999999999999999e-111,CE,1,CE-1
1-1,MNS1,9.999999999999999e-116,0.52,92.2%,68.6%,2.4999999999999998e-111,CE,1,CE-1
1-1,TCTN1,1.1e-114,0.52,86.5%,62.2%,2.7e-110,CE,1,CE-1
1-1,SMIM22,2e-114,0.57,92.8%,68.4%,4.9e-110,CE,1,CE-1
1-1,C11orf97,2.5e-114,0.58,86.6%,57.4%,6.1e-110,CE,1,CE-1
1-1,WDR78,1.1999999999999998e-111,0.53,83.4%,57.1%,3.0999999999999996e-107,CE,1,CE-1
1-1,MS4A8,1.2999999999999997e-111,0.56,80.6%,51.1%,3.0999999999999996e-107,CE,1,CE-1
1-1,TSPAN6,2.4e-109,0.59,81.7%,57.0%,5.9e-105,CE,1,CE-1
1-1,FAM216B,1.0999999999999999e-108,0.49,82.8%,56.9%,2.8e-104,CE,1,CE-1
1-1,RIIAD1,1.3999999999999998e-108,0.54,79.7%,50.7%,3.4999999999999997e-104,CE,1,CE-1
1-1,FOXJ1,1.0999999999999998e-107,0.55,95.4%,73.5%,2.8e-103,CE,1,CE-1
1-1,ARL3,1.4e-106,0.49,92.4%,70.9%,3.599999999999999e-102,CE,1,CE-1
1-1,DRC1,4.8000000000000005e-106,0.5,81.4%,52.5%,1.2e-101,CE,1,CE-1
1-1,CTXN1,2e-104,0.5,90.0%,65.6%,4.899999999999999e-100,CE,1,CE-1
1-1,ROPN1L,2.7e-103,0.5,93.9%,70.5%,6.7e-99,CE,1,CE-1
1-1,NUCB2,1.5999999999999997e-102,0.56,92.0%,69.8%,3.9000000000000004e-98,CE,1,CE-1
1-1,EZR,6.399999999999999e-102,0.53,96.9%,77.1%,1.5999999999999996e-97,CE,1,CE-1
1-1,GSTA3,1.5e-101,0.53,77.6%,48.2%,3.7999999999999995e-97,CE,1,CE-1
1-1,C4orf48,1.0999999999999998e-100,0.59,85.4%,61.2%,2.7999999999999997e-96,CE,1,CE-1
1-1,MT-ND3,6.899999999999999e-100,0.49,97.9%,92.0%,1.7e-95,CE,1,CE-1
1-1,NELL2,5.8e-99,0.5,75.9%,47.6%,1.5e-94,CE,1,CE-1
1-1,CCDC113,1.7e-98,0.55,82.0%,56.9%,4.3e-94,CE,1,CE-1
1-1,SPAG6,1.3999999999999998e-97,0.54,81.0%,58.2%,3.5e-93,CE,1,CE-1
1-1,AC013264.1,2.0999999999999996e-97,0.48,81.7%,54.7%,5.2e-93,CE,1,CE-1
1-1,GET1,5.099999999999999e-97,0.51,81.4%,59.8%,1.3000000000000002e-92,CE,1,CE-1
1-1,FXYD3,6.499999999999999e-97,0.55,91.7%,70.4%,1.6000000000000002e-92,CE,1,CE-1
1-1,TFF3,7.999999999999999e-97,1.6,77.0%,47.9%,2e-92,CE,1,CE-1
1-1,EFCAB10,9.299999999999999e-97,0.5,75.5%,49.2%,2.3e-92,CE,1,CE-1
1-1,STK33,2e-96,0.47,86.7%,63.4%,4.9000000000000005e-92,CE,1,CE-1
1-1,SPATA17,8.899999999999999e-96,0.48,77.8%,53.2%,2.1999999999999998e-91,CE,1,CE-1
1-1,FAIM,6.3e-95,0.51,85.7%,65.6%,1.5999999999999998e-90,CE,1,CE-1
1-1,CABCOCO1,1.7e-93,0.48,79.1%,53.8%,4.3e-89,CE,1,CE-1
1-1,CKB,1.8e-92,0.49,98.8%,87.6%,4.3999999999999995e-88,CE,1,CE-1
1-1,TTC29,1.4999999999999998e-91,0.49,72.4%,46.6%,3.8e-87,CE,1,CE-1
1-1,KIF21A,1.2999999999999998e-90,0.55,86.9%,65.5%,3.4e-86,CE,1,CE-1
1-1,SCGB2A1,1.4e-89,0.79,96.0%,82.1%,3.5e-85,CE,1,CE-1
1-1,AL357093.2,6.899999999999999e-89,0.5,93.0%,70.4%,1.6999999999999999e-84,CE,1,CE-1
1-1,STOML3,6.599999999999999e-88,0.5,73.0%,46.4%,1.5999999999999999e-83,CE,1,CE-1
1-1,CFAP53,2.6e-87,0.48,85.7%,63.5%,6.6e-83,CE,1,CE-1
1-1,WDR86-AS1,2.7000000000000003e-86,0.5,74.8%,48.0%,6.7e-82,CE,1,CE-1
1-1,DNAH9,3.1999999999999997e-85,0.5,78.2%,55.7%,7.9e-81,CE,1,CE-1
1-1,C20orf96,6.399999999999999e-85,0.48,78.9%,55.2%,1.6000000000000001e-80,CE,1,CE-1
1-1,TUBA1A,1.6e-84,0.52,97.7%,86.0%,3.9000000000000005e-80,CE,1,CE-1
1-1,LDLRAD1,1.0999999999999999e-83,0.49,88.7%,66.9%,2.7e-79,CE,1,CE-1
1-1,SAMHD1,3e-82,0.54,77.3%,53.2%,7.600000000000001e-78,CE,1,CE-1
1-1,SOD3,2.4e-79,0.73,92.5%,73.5%,6e-75,CE,1,CE-1
1-1,DNAH5,5.300000000000001e-78,0.6,74.1%,49.3%,1.2999999999999999e-73,CE,1,CE-1
1-1,CCDC173,2.9e-77,0.49,80.3%,57.7%,7.2e-73,CE,1,CE-1
1-1,ERICH3,9.599999999999999e-75,0.62,79.4%,57.2%,2.3999999999999998e-70,CE,1,CE-1
1-1,CTSD,7.5e-72,0.51,93.1%,73.2%,1.9e-67,CE,1,CE-1
1-1,MT-ND5,8.9e-72,0.53,95.5%,77.3%,2.1999999999999998e-67,CE,1,CE-1
1-1,TSPAN1,2.1e-71,0.58,84.3%,63.5%,5.3e-67,CE,1,CE-1
1-1,PLTP,9.5e-68,0.56,74.2%,54.0%,2.4e-63,CE,1,CE-1
1-1,AK1,1.3e-67,0.67,87.9%,69.4%,3.3e-63,CE,1,CE-1
1-1,FOLR1,2.1999999999999998e-67,0.52,95.5%,80.2%,5.499999999999999e-63,CE,1,CE-1
1-1,RHOB,3.0999999999999996e-67,0.53,87.2%,67.2%,7.799999999999999e-63,CE,1,CE-1
1-1,FABP6,6.1e-67,0.58,72.1%,48.9%,1.4999999999999998e-62,CE,1,CE-1
1-1,CST6,6.3e-67,0.58,76.7%,55.7%,1.5999999999999999e-62,CE,1,CE-1
1-1,PDK4,1.6000000000000002e-65,0.54,84.0%,64.3%,3.8999999999999996e-61,CE,1,CE-1
1-1,ANXA13,2.9000000000000002e-65,0.48,66.6%,41.6%,7.2e-61,CE,1,CE-1
1-1,RHOU,1.3999999999999999e-61,0.5,69.0%,51.1%,3.5999999999999997e-57,CE,1,CE-1
1-1,IRX3,6.1e-61,0.5,55.5%,29.4%,1.4999999999999997e-56,CE,1,CE-1
1-1,C12orf75,5.6e-60,0.52,75.3%,57.4%,1.4e-55,CE,1,CE-1
1-1,NEDD9,6.299999999999999e-56,0.48,71.7%,54.9%,1.6e-51,CE,1,CE-1
1-1,MOSPD1,1.4e-47,0.54,54.3%,35.2%,3.3999999999999997e-43,CE,1,CE-1
1-1,TMEM190,1.3e-42,1.2,48.4%,27.7%,3.2e-38,CE,1,CE-1
1-1,CRIP1,8.6e-42,0.5,89.8%,76.1%,2.1e-37,CE,1,CE-1
1-1,MT-ND4L,2.3999999999999997e-41,0.51,80.8%,65.4%,6e-37,CE,1,CE-1
1-1,GOLM1,1.5e-34,0.48,49.3%,35.8%,3.8e-30,CE,1,CE-1
1-1,ASRGL1,3e-25,0.49,69.3%,61.7%,7.4e-21,CE,1,CE-1
1-1,SCGB1D4,8.8e-22,0.78,40.0%,24.4%,2.2e-17,CE,1,CE-1
1-1,GSTA1,8.9e-18,0.6,34.0%,21.3%,2.2e-13,CE,1,CE-1
1-1,PGR,2.2e-16,0.79,43.4%,34.8%,5.5e-12,CE,1,CE-1
1-1,G0S2,1.6e-14,0.53,79.7%,70.7%,4e-10,CE,1,CE-1
1-1,FGA,2.3e-9,0.57,38.1%,29.2%,5.8e-5,CE,1,CE-1
1-1,RRAD,1.6e-7,0.54,66.0%,62.0%,0.004,CE,1,CE-1
1-2,RPS18,1.3e-53,0.53,98.7%,99.0%,3.0999999999999996e-49,CE,2,CE-2
1-2,RPL26,2e-52,0.55,98.2%,99.4%,5.0999999999999995e-48,CE,2,CE-2
1-2,RPS27,4e-50,0.5,99.0%,99.4%,1e-45,CE,2,CE-2
1-2,CDC20B,7.9e-50,0.64,13.4%,0.6%,2e-45,CE,2,CE-2
1-2,RPS3A,3.3e-48,0.49,97.7%,99.3%,8.299999999999999e-44,CE,2,CE-2
1-2,RPL17,6.4e-45,0.52,97.7%,98.4%,1.6e-40,CE,2,CE-2
1-2,RPL32,6.3e-44,0.5,97.9%,99.5%,1.6e-39,CE,2,CE-2
1-2,RPS23,2.2e-43,0.49,98.7%,99.0%,5.4e-39,CE,2,CE-2
1-2,RPL37A,2.7e-42,0.52,96.6%,99.0%,6.799999999999999e-38,CE,2,CE-2
1-2,RPL12,5.3e-42,0.5,98.4%,98.8%,1.3000000000000001e-37,CE,2,CE-2
1-2,RPL37,6.599999999999999e-41,0.54,93.5%,99.1%,1.6999999999999998e-36,CE,2,CE-2
1-2,RPL27A,3.6e-40,0.65,86.8%,97.5%,8.9e-36,CE,2,CE-2
1-2,RPL6,7.499999999999999e-38,0.49,93.8%,99.0%,1.9e-33,CE,2,CE-2
1-2,RPL21,1.7e-37,0.48,95.6%,99.2%,4.2e-33,CE,2,CE-2
1-2,RPL36A,7e-37,0.6,88.4%,96.9%,1.7e-32,CE,2,CE-2
1-2,RPL39,3.3e-35,0.55,93.5%,99.0%,8.2e-31,CE,2,CE-2
1-2,RPS20,1.3e-23,0.54,81.1%,97.1%,3.3e-19,CE,2,CE-2
1-2,RPL31,3.6e-17,0.51,75.5%,96.1%,9.1e-13,CE,2,CE-2
1-2,RPS17,4.6e-16,0.51,69.0%,94.1%,1.1e-11,CE,2,CE-2
1-2,CALM3,8.9e-16,0.48,25.3%,65.5%,2.2e-11,CE,2,CE-2
1-2,XIST,1e-10,0.5,32.0%,64.6%,2.5e-6,CE,2,CE-2
1-2,ARGLU1,6.2e-10,0.5,37.5%,74.0%,1.6e-5,CE,2,CE-2
1-2,RNPC3,3.3e-7,0.52,17.1%,32.3%,0.0083,CE,2,CE-2
1-2,S100A8,3.7e-5,1.09,20.2%,14.6%,0.92,CE,2,CE-2
1-2,CCNO,5.4e-4,0.9,14.2%,25.3%,1,CE,2,CE-2
1-2,NME2,6.3e-4,0.48,64.1%,88.4%,1,CE,2,CE-2
1-2,S100A9,0.0013,1.12,25.1%,22.9%,1,CE,2,CE-2
1-2,EVL,0.002,0.53,16.8%,12.7%,1,CE,2,CE-2
1-2,AHI1,0.0031,0.74,34.9%,59.4%,1,CE,2,CE-2
1-2,LGALS1,0.0033,0.55,22.2%,35.0%,1,CE,2,CE-2
1-3,MSLN,1e-291,1.36,98.2%,20.8%,2.4999999999999995e-287,CE,3,CE-3
1-3,ASS1,1.1e-290,0.67,86.4%,8.6%,2.6999999999999998e-286,CE,3,CE-3
1-3,TTYH1,2.0999999999999995e-280,0.68,86.4%,9.7%,5.4e-276,CE,3,CE-3
1-3,FAM107A,3e-270,0.66,82.3%,8.2%,7.6e-266,CE,3,CE-3
1-3,LYPD1,4.6e-255,0.84,86.4%,12.3%,1.0999999999999998e-250,CE,3,CE-3
1-3,LY6E,1.2999999999999999e-242,0.81,92.8%,17.5%,3.1999999999999996e-238,CE,3,CE-3
1-3,CRABP2,2.4999999999999997e-240,0.59,74.9%,7.1%,6.199999999999998e-236,CE,3,CE-3
1-3,FXYD5,4.199999999999999e-235,0.57,77.0%,8.2%,9.999999999999998e-231,CE,3,CE-3
1-3,C3,8.399999999999999e-232,0.73,87.9%,14.2%,2.0999999999999997e-227,CE,3,CE-3
1-3,PDZK1IP1,2.3999999999999997e-224,0.74,85.2%,13.4%,5.9999999999999996e-220,CE,3,CE-3
1-3,CAV1,2.4999999999999997e-217,0.62,83.2%,12.2%,6.2e-213,CE,3,CE-3
1-3,RPS3,5.199999999999999e-216,1.05,100.0%,97.6%,1.2999999999999998e-211,CE,3,CE-3
1-3,RPS12,7.499999999999999e-212,1.11,100.0%,98.6%,1.8999999999999997e-207,CE,3,CE-3
1-3,DAPL1,1.3e-210,0.88,94.0%,22.8%,3.2e-206,CE,3,CE-3
1-3,RPL5,2.5999999999999997e-208,0.92,100.0%,97.6%,6.6e-204,CE,3,CE-3
1-3,HLA-DPA1,6.099999999999999e-208,0.89,79.5%,12.9%,1.4999999999999998e-203,CE,3,CE-3
1-3,PPP1R14B,2e-207,0.66,89.5%,20.3%,4.9999999999999996e-203,CE,3,CE-3
1-3,CDC42EP1,2.6e-207,0.67,85.6%,16.0%,6.499999999999999e-203,CE,3,CE-3
1-3,RPL10,6.8e-206,0.89,100.0%,99.2%,1.7e-201,CE,3,CE-3
1-3,RPS21,7.4e-206,0.88,100.0%,96.1%,1.7999999999999998e-201,CE,3,CE-3
1-3,HLA-DMA,1.1999999999999999e-205,0.71,89.3%,18.3%,2.9999999999999997e-201,CE,3,CE-3
1-3,RPL7A,1.4e-202,0.9,100.0%,98.9%,3.4999999999999995e-198,CE,3,CE-3
1-3,HES4,7.9e-202,0.97,95.5%,28.3%,1.9999999999999997e-197,CE,3,CE-3
1-3,RPL12,1.3999999999999998e-201,1.03,100.0%,98.4%,3.4e-197,CE,3,CE-3
1-3,SCARA3,1e-199,0.51,78.4%,13.0%,2.5999999999999994e-195,CE,3,CE-3
1-3,RPS18,2.5000000000000002e-199,1.03,100.0%,98.7%,6.299999999999999e-195,CE,3,CE-3
1-3,CLU,9.899999999999998e-197,1.23,100.0%,87.7%,2.4999999999999997e-192,CE,3,CE-3
1-3,RPL8,3.799999999999999e-195,0.81,100.0%,98.0%,9.4e-191,CE,3,CE-3
1-3,RPS19,1.2e-193,0.97,100.0%,98.6%,2.9e-189,CE,3,CE-3
1-3,IL4I1,1.5000000000000002e-193,0.53,63.7%,6.3%,3.6999999999999994e-189,CE,3,CE-3
1-3,RPLP1,1.8000000000000002e-193,0.79,100.0%,99.2%,4.6e-189,CE,3,CE-3
1-3,RPS8,4.5e-193,0.76,100.0%,98.9%,1.1e-188,CE,3,CE-3
1-3,HLA-DPB1,2.4999999999999997e-192,0.64,76.2%,12.0%,6.3e-188,CE,3,CE-3
1-3,RPL29,5.599999999999999e-192,0.85,100.0%,98.1%,1.3999999999999999e-187,CE,3,CE-3
1-3,RPS14,4.7e-191,0.76,100.0%,98.8%,1.1999999999999998e-186,CE,3,CE-3
1-3,RPL28,1.2e-190,0.79,100.0%,98.3%,2.8999999999999998e-186,CE,3,CE-3
1-3,RPL14,1.7999999999999998e-190,0.81,100.0%,97.6%,4.3999999999999994e-186,CE,3,CE-3
1-3,SNCG,4.699999999999999e-190,0.68,69.6%,9.0%,1.1999999999999999e-185,CE,3,CE-3
1-3,RPS2,4.999999999999999e-190,0.93,100.0%,98.0%,1.3e-185,CE,3,CE-3
1-3,RPL18,1.4e-189,0.83,100.0%,97.4%,3.6e-185,CE,3,CE-3
1-3,RPS4X,1.5e-188,0.76,100.0%,99.1%,3.799999999999999e-184,CE,3,CE-3
1-3,H19,2.3e-188,0.98,80.3%,16.0%,5.699999999999998e-184,CE,3,CE-3
1-3,RPLP0,1.8999999999999999e-187,0.9,100.0%,95.7%,4.899999999999999e-183,CE,3,CE-3
1-3,RPL30,7.9e-187,0.74,100.0%,98.6%,1.9999999999999998e-182,CE,3,CE-3
1-3,RPS23,1.1999999999999998e-186,0.82,100.0%,98.6%,2.9e-182,CE,3,CE-3
1-3,RPL3,2.8999999999999998e-186,0.77,100.0%,98.8%,7.3e-182,CE,3,CE-3
1-3,S100A16,4.9e-186,0.59,86.2%,18.3%,1.1999999999999998e-181,CE,3,CE-3
1-3,RPL41,3.299999999999999e-184,0.59,100.0%,99.7%,8.3e-180,CE,3,CE-3
1-3,RPS24,2.2999999999999993e-183,0.67,100.0%,99.1%,5.8999999999999996e-179,CE,3,CE-3
1-3,SNHG29,2.7999999999999994e-183,1.18,96.9%,80.3%,6.999999999999999e-179,CE,3,CE-3
1-3,EEF1A1,3.1e-182,0.61,100.0%,99.5%,7.9e-178,CE,3,CE-3
1-3,RPL13,9.3e-182,0.76,100.0%,99.6%,2.2999999999999993e-177,CE,3,CE-3
1-3,RPS15A,3.5999999999999995e-180,0.7,100.0%,97.0%,8.899999999999998e-176,CE,3,CE-3
1-3,RPL18A,9.699999999999999e-180,0.76,100.0%,97.7%,2.3999999999999997e-175,CE,3,CE-3
1-3,MMP7,4.7999999999999994e-179,1.21,87.3%,21.6%,1.1999999999999998e-174,CE,3,CE-3
1-3,RPL11,2.0999999999999997e-178,0.69,100.0%,99.0%,5.099999999999999e-174,CE,3,CE-3
1-3,RPL32,2.0999999999999996e-177,0.75,100.0%,99.0%,5.199999999999999e-173,CE,3,CE-3
1-3,GAS5,9.199999999999997e-177,1.19,95.9%,52.2%,2.2999999999999997e-172,CE,3,CE-3
1-3,KRT7,3.2999999999999994e-176,1.18,97.3%,48.3%,8.299999999999999e-172,CE,3,CE-3
1-3,RPS5,3.7999999999999994e-176,0.8,100.0%,96.1%,9.399999999999998e-172,CE,3,CE-3
1-3,RACK1,8.8e-176,0.73,100.0%,96.0%,2.1999999999999997e-171,CE,3,CE-3
1-3,RPS9,1.7999999999999997e-175,0.72,100.0%,97.1%,4.399999999999999e-171,CE,3,CE-3
1-3,RPL19,3.4999999999999994e-174,0.63,100.0%,98.7%,8.799999999999999e-170,CE,3,CE-3
1-3,RPL36A,1.1e-173,0.86,100.0%,94.5%,2.6999999999999996e-169,CE,3,CE-3
1-3,IFITM3,1.1999999999999999e-173,1,100.0%,84.9%,3.0999999999999996e-169,CE,3,CE-3
1-3,RPS15,1.8999999999999998e-173,0.64,100.0%,98.0%,4.799999999999999e-169,CE,3,CE-3
1-3,HMGA1,1.9999999999999997e-173,0.61,88.7%,22.7%,4.999999999999999e-169,CE,3,CE-3
1-3,CXCL3,1.4999999999999996e-172,1.07,72.9%,13.0%,3.5999999999999994e-168,CE,3,CE-3
1-3,RPS27A,1.4999999999999996e-172,0.63,100.0%,99.2%,3.6999999999999995e-168,CE,3,CE-3
1-3,RPL26,6.599999999999999e-172,0.74,100.0%,99.0%,1.7e-167,CE,3,CE-3
1-3,RPS28,3.6999999999999997e-171,0.65,100.0%,97.7%,9.099999999999999e-167,CE,3,CE-3
1-3,RPL39,1.3999999999999996e-169,0.66,100.0%,97.7%,3.3999999999999995e-165,CE,3,CE-3
1-3,RPL10A,3.0999999999999995e-168,0.72,100.0%,98.1%,7.8e-164,CE,3,CE-3
1-3,RPL36,1.7999999999999997e-167,0.64,100.0%,97.5%,4.3999999999999996e-163,CE,3,CE-3
1-3,RPS3A,7.399999999999999e-167,0.64,100.0%,98.8%,1.8e-162,CE,3,CE-3
1-3,RPL37,5.5999999999999995e-164,0.64,100.0%,97.7%,1.3999999999999999e-159,CE,3,CE-3
1-3,ZFAS1,7.899999999999999e-164,0.81,99.0%,61.0%,1.9999999999999997e-159,CE,3,CE-3
1-3,EEF1B2,2.2999999999999996e-163,0.78,100.0%,89.7%,5.799999999999999e-159,CE,3,CE-3
1-3,RPL34,1.0999999999999999e-160,0.58,100.0%,98.9%,2.8e-156,CE,3,CE-3
1-3,RPS13,3.0999999999999994e-160,0.64,100.0%,97.5%,7.7e-156,CE,3,CE-3
1-3,RPL15,4.3999999999999996e-160,0.55,100.0%,97.1%,1.1e-155,CE,3,CE-3
1-3,HLA-DQB1,1.3999999999999999e-159,0.54,81.5%,17.4%,3.6e-155,CE,3,CE-3
1-3,RPLP2,1.7e-157,0.6,100.0%,95.1%,4.099999999999999e-153,CE,3,CE-3
1-3,RPS6,1.6e-156,0.61,100.0%,98.6%,4.099999999999999e-152,CE,3,CE-3
1-3,"NACA",5.3e-156,0.6,100.0%,96.1%,1.3e-151,CE,3,CE-3
1-3,ADIRF,8.4e-155,0.76,92.8%,31.8%,2.0999999999999998e-150,CE,3,CE-3
1-3,CRYAB,4.299999999999999e-154,1.3,84.6%,23.4%,1.1e-149,CE,3,CE-3
1-3,RPL35A,1.6999999999999997e-152,0.54,100.0%,98.2%,4.2e-148,CE,3,CE-3
1-3,ISYNA1,5.599999999999999e-152,0.71,97.5%,43.1%,1.4e-147,CE,3,CE-3
1-3,RPS27,1e-150,0.58,100.0%,99.1%,2.5e-146,CE,3,CE-3
1-3,SNHG8,4.1e-150,0.77,98.8%,63.0%,1e-145,CE,3,CE-3
1-3,RPS7,5.1e-150,0.52,100.0%,97.0%,1.2999999999999998e-145,CE,3,CE-3
1-3,TFPI2,9.999999999999998e-150,0.96,84.2%,23.5%,2.4999999999999995e-145,CE,3,CE-3
1-3,CXCL2,1.9999999999999995e-149,1.64,92.6%,45.8%,4.899999999999999e-145,CE,3,CE-3
1-3,RPL7,4.599999999999999e-149,0.62,100.0%,93.0%,1.1999999999999998e-144,CE,3,CE-3
1-3,TNFAIP2,7.799999999999999e-149,0.81,87.3%,25.7%,1.8999999999999997e-144,CE,3,CE-3
1-3,BCAM,1.1999999999999999e-148,0.79,97.5%,47.9%,2.8999999999999996e-144,CE,3,CE-3
1-3,RPL6,1.2e-147,0.55,100.0%,97.7%,3.1e-143,CE,3,CE-3
1-3,CD74,1.4e-147,1.05,99.6%,76.2%,3.5e-143,CE,3,CE-3
1-3,RPSA,1.7e-147,0.62,100.0%,95.4%,4.2e-143,CE,3,CE-3
1-3,RPS25,1.9999999999999996e-146,0.52,100.0%,98.2%,5e-142,CE,3,CE-3
1-3,RPL9,1.8999999999999997e-145,0.52,100.0%,97.3%,4.7e-141,CE,3,CE-3
1-3,HLA-DRB1,3.6e-142,1.02,95.1%,46.6%,9e-138,CE,3,CE-3
1-3,RPL23A,6.699999999999999e-142,0.54,100.0%,97.2%,1.6999999999999998e-137,CE,3,CE-3
1-3,HLA-DRA,1.9e-141,0.94,97.3%,49.7%,4.8e-137,CE,3,CE-3
1-3,CRISP3,6.6e-141,1.02,96.5%,58.1%,1.6e-136,CE,3,CE-3
1-3,RPL24,2e-140,0.49,100.0%,97.7%,4.9e-136,CE,3,CE-3
1-3,NPM1,3.4e-140,0.64,99.8%,87.9%,8.4e-136,CE,3,CE-3
1-3,TUBA1C,1e-139,0.66,90.1%,30.4%,2.4999999999999998e-135,CE,3,CE-3
1-3,IMPDH2,1.5e-139,0.59,93.4%,42.5%,3.7999999999999997e-135,CE,3,CE-3
1-3,RPS10,3.2e-138,0.57,100.0%,92.8%,7.999999999999999e-134,CE,3,CE-3
1-3,SLC25A6,4.7e-138,0.68,99.2%,64.4%,1.1999999999999998e-133,CE,3,CE-3
1-3,RPL17,1.5e-137,0.64,100.0%,97.8%,3.6999999999999996e-133,CE,3,CE-3
1-3,C19orf33,2.2999999999999995e-134,0.73,99.2%,65.7%,5.7e-130,CE,3,CE-3
1-3,RPL22,4.9e-132,0.48,100.0%,94.7%,1.2e-127,CE,3,CE-3
1-3,RPL4,2.0999999999999996e-130,0.57,99.6%,88.7%,5.1999999999999993e-126,CE,3,CE-3
1-3,NME2,2.5e-130,0.67,98.1%,81.2%,6.399999999999999e-126,CE,3,CE-3
1-3,EEF2,5.1e-129,0.59,99.8%,78.2%,1.3000000000000002e-124,CE,3,CE-3
1-3,RSL1D1,3.7e-128,0.54,95.1%,44.4%,9.4e-124,CE,3,CE-3
1-3,MARCKSL1,1.7999999999999998e-127,0.47,79.5%,21.7%,4.4e-123,CE,3,CE-3
1-3,EEF1D,6.3999999999999995e-127,0.6,99.6%,79.0%,1.5999999999999998e-122,CE,3,CE-3
1-3,EEF1G,8.399999999999999e-127,0.59,98.4%,88.0%,2.0999999999999997e-122,CE,3,CE-3
1-3,TACSTD2,2.5999999999999997e-126,0.8,96.3%,50.3%,6.399999999999999e-122,CE,3,CE-3
1-3,GPX3,5.0999999999999994e-126,0.49,62.4%,12.5%,1.3e-121,CE,3,CE-3
1-3,PPA1,9.999999999999999e-126,0.57,96.9%,51.9%,2.6e-121,CE,3,CE-3
1-3,RPS16,2.8e-122,0.47,100.0%,96.8%,6.9e-118,CE,3,CE-3
1-3,IGFBP2,4.1999999999999993e-122,0.51,89.1%,30.5%,1.0999999999999999e-117,CE,3,CE-3
1-3,TPM4,8.699999999999997e-120,0.72,98.2%,59.5%,2.2e-115,CE,3,CE-3
1-3,MYADM,7.1e-118,0.58,93.4%,40.5%,1.7999999999999996e-113,CE,3,CE-3
1-3,EIF3H,1.4e-116,0.48,96.3%,51.9%,3.6e-112,CE,3,CE-3
1-3,CXCL1,5.999999999999999e-116,1.58,76.2%,27.0%,1.4999999999999999e-111,CE,3,CE-3
1-3,CLDN1,9.2e-116,0.63,83.2%,30.8%,2.2999999999999996e-111,CE,3,CE-3
1-3,TUBB,1.3e-115,0.54,94.7%,43.9%,3.1999999999999995e-111,CE,3,CE-3
1-3,RBM3,1.9999999999999999e-115,0.54,96.5%,54.3%,4.8999999999999995e-111,CE,3,CE-3
1-3,MDK,4.4e-114,0.53,89.5%,36.4%,1.1e-109,CE,3,CE-3
1-3,RPS26,2.3999999999999998e-110,0.47,100.0%,94.5%,6e-106,CE,3,CE-3
1-3,PTX3,4.6e-109,0.52,44.2%,6.0%,1.1999999999999999e-104,CE,3,CE-3
1-3,RPL13A,1.7999999999999997e-108,0.5,100.0%,97.0%,4.3999999999999996e-104,CE,3,CE-3
1-3,GAPDH,1.5999999999999998e-107,0.5,100.0%,93.2%,4e-103,CE,3,CE-3
1-3,NOP53,8.299999999999999e-102,0.47,98.4%,70.7%,2.0999999999999996e-97,CE,3,CE-3
1-3,GAS6,7.7e-101,0.54,98.8%,67.5%,1.9e-96,CE,3,CE-3
1-3,ID4,1.5999999999999998e-100,0.77,95.5%,53.1%,3.9e-96,CE,3,CE-3
1-3,TNFRSF12A,4.199999999999999e-97,0.67,98.1%,56.4%,1.1000000000000001e-92,CE,3,CE-3
1-3,ACTG1,4.1e-95,0.5,100.0%,95.8%,1e-90,CE,3,CE-3
1-3,CD9,7.000000000000001e-92,0.51,99.8%,82.9%,1.8e-87,CE,3,CE-3
1-3,SERPINA3,2.1e-90,0.51,42.1%,7.0%,5.3000000000000004e-86,CE,3,CE-3
1-3,LCN2,4.0000000000000006e-80,0.7,96.1%,51.1%,9.9e-76,CE,3,CE-3
1-3,KRT17,9.3e-73,0.73,84.8%,40.9%,2.3e-68,CE,3,CE-3
1-3,KRT18,2.8e-72,0.56,100.0%,93.2%,7.099999999999999e-68,CE,3,CE-3
1-3,TM4SF1,8.8e-72,0.49,94.2%,50.1%,2.1999999999999998e-67,CE,3,CE-3
1-3,BIRC3,9.099999999999999e-61,0.57,87.5%,48.5%,2.2999999999999996e-56,CE,3,CE-3
1-3,CCL2,6e-60,0.67,91.6%,56.6%,1.4999999999999999e-55,CE,3,CE-3
1-3,JUN,3.2e-58,0.55,99.6%,78.2%,7.9e-54,CE,3,CE-3
1-3,SOD2,9.7e-49,0.51,98.1%,78.0%,2.3999999999999996e-44,CE,3,CE-3
1-3,CCL20,1e-44,0.76,37.4%,11.5%,2.5e-40,CE,3,CE-3
1-3,CXCL8,6.799999999999999e-36,0.54,63.7%,32.6%,1.6999999999999998e-31,CE,3,CE-3
1-4,SPARC,1.3999999999999997e-181,0.99,63.2%,3.0%,3.4999999999999993e-177,CE,4,CE-4
1-4,TIMP3,2.6999999999999998e-164,1.19,77.8%,6.7%,6.699999999999998e-160,CE,4,CE-4
1-4,TIMP2,4.799999999999999e-158,0.67,69.4%,5.2%,1.1999999999999998e-153,CE,4,CE-4
1-4,HSPB6,1.3999999999999999e-154,0.77,61.1%,3.8%,3.6e-150,CE,4,CE-4
1-4,PRRX1,2.1e-136,0.54,45.8%,1.9%,5.2999999999999997e-132,CE,4,CE-4
1-4,PLAC9,2.6999999999999995e-133,0.9,43.8%,1.8%,6.6e-129,CE,4,CE-4
1-4,MFAP4,2.5e-132,0.51,46.5%,2.2%,6.3e-128,CE,4,CE-4
1-4,CRISPLD2,1.1e-130,1.05,70.1%,7.2%,2.8e-126,CE,4,CE-4
1-4,LMOD1,9.1e-129,0.47,38.9%,1.3%,2.3e-124,CE,4,CE-4
1-4,FBN1,1.5e-125,0.7,35.4%,1.0%,3.8e-121,CE,4,CE-4
1-4,ADAMTS4,4.4999999999999996e-125,0.86,59.0%,4.8%,1.0999999999999997e-120,CE,4,CE-4
1-4,MEG3,5.3000000000000004e-123,0.88,43.1%,2.0%,1.3e-118,CE,4,CE-4
1-4,PMP22,7.399999999999999e-116,0.58,64.6%,6.8%,1.8999999999999997e-111,CE,4,CE-4
1-4,MMP2,2.3999999999999997e-111,0.49,37.5%,1.6%,6e-107,CE,4,CE-4
1-4,SLC2A3,8.799999999999998e-107,0.5,47.9%,3.4%,2.1999999999999997e-102,CE,4,CE-4
1-4,SPARCL1,7.2e-106,2.03,93.1%,24.0%,1.8e-101,CE,4,CE-4
1-4,COL6A3,1.9e-98,0.91,42.4%,2.9%,4.6e-94,CE,4,CE-4
1-4,AEBP1,9.9e-97,0.52,38.9%,2.4%,2.5e-92,CE,4,CE-4
1-4,OGN,1.3999999999999999e-96,0.87,32.6%,1.4%,3.4e-92,CE,4,CE-4
1-4,CAVIN2,1.9e-96,0.67,36.1%,1.9%,4.8e-92,CE,4,CE-4
1-4,PLPP3,5.1e-94,0.65,60.4%,7.7%,1.3e-89,CE,4,CE-4
1-4,CALD1,2.7000000000000003e-92,1.42,84.7%,20.1%,6.699999999999999e-88,CE,4,CE-4
1-4,C1S,5.8000000000000004e-92,0.68,54.2%,6.1%,1.4e-87,CE,4,CE-4
1-4,COL6A2,1.1999999999999999e-91,0.93,74.3%,13.3%,3.1e-87,CE,4,CE-4
1-4,COL3A1,1.4999999999999998e-89,0.88,31.2%,1.4%,3.8e-85,CE,4,CE-4
1-4,EMP3,9.7e-89,0.83,74.3%,13.9%,2.4e-84,CE,4,CE-4
1-4,FBLN1,5.399999999999999e-88,1.52,63.2%,9.9%,1.2999999999999999e-83,CE,4,CE-4
1-4,COL4A2,5.1e-87,0.58,59.7%,8.4%,1.3e-82,CE,4,CE-4
1-4,LGALS1,6e-87,1.64,94.4%,29.3%,1.5e-82,CE,4,CE-4
1-4,SERPINF1,4.3e-86,0.84,66.7%,10.6%,1.1e-81,CE,4,CE-4
1-4,NEXN,6.199999999999999e-85,0.5,30.6%,1.5%,1.5e-80,CE,4,CE-4
1-4,LUM,1.8e-84,0.8,31.2%,1.6%,4.5e-80,CE,4,CE-4
1-4,ADAMTS1,2.7e-84,1.25,70.8%,13.2%,6.700000000000001e-80,CE,4,CE-4
1-4,DCN,1.7e-83,2.04,78.5%,17.7%,4.2e-79,CE,4,CE-4
1-4,DPT,8.799999999999999e-83,0.48,27.1%,1.1%,2.2e-78,CE,4,CE-4
1-4,AKAP12,9.599999999999999e-83,1.06,81.9%,19.7%,2.4e-78,CE,4,CE-4
1-4,SFRP4,1.1e-81,1.73,47.2%,5.0%,2.7e-77,CE,4,CE-4
1-4,COL4A1,1.5e-81,0.49,47.9%,5.3%,3.8e-77,CE,4,CE-4
1-4,SFRP1,2.6e-80,1.03,47.9%,5.2%,6.4e-76,CE,4,CE-4
1-4,SELENOM,1.4e-79,1.03,84.7%,20.8%,3.5e-75,CE,4,CE-4
1-4,BST2,2e-79,0.87,78.5%,18.4%,4.9e-75,CE,4,CE-4
1-4,FILIP1L,3.2e-79,0.67,42.4%,4.1%,8e-75,CE,4,CE-4
1-4,A2M,1e-75,0.48,36.8%,3.0%,2.5e-71,CE,4,CE-4
1-4,ACKR3,3.9e-72,0.63,40.3%,3.9%,9.6e-68,CE,4,CE-4
1-4,GEM,6.2e-70,0.73,52.1%,7.7%,1.5e-65,CE,4,CE-4
1-4,TGFB1I1,2.9e-69,0.48,49.3%,6.6%,7.300000000000001e-65,CE,4,CE-4
1-4,C11orf96,5.699999999999999e-69,2.35,91.7%,41.1%,1.4e-64,CE,4,CE-4
1-4,SYNPO2,7.6e-67,0.51,36.1%,3.4%,1.8999999999999998e-62,CE,4,CE-4
1-4,TPM2,9.199999999999999e-67,2.06,75.0%,19.7%,2.3e-62,CE,4,CE-4
1-4,ADH1B,3.6e-66,0.6,26.4%,1.5%,8.899999999999999e-62,CE,4,CE-4
1-4,AXL,4.6e-64,0.47,47.2%,6.8%,1.1000000000000002e-59,CE,4,CE-4
1-4,CAVIN1,3.8e-63,0.65,65.3%,14.7%,9.6e-59,CE,4,CE-4
1-4,PTGDS,5.9999999999999995e-61,1.9,63.9%,14.8%,1.4999999999999997e-56,CE,4,CE-4
1-4,FHL1,8.6e-59,0.69,60.4%,13.3%,2.1e-54,CE,4,CE-4
1-4,TFPI,4.2e-58,0.58,40.3%,5.2%,1.0999999999999999e-53,CE,4,CE-4
1-4,IGFBP6,2.2999999999999996e-56,1.58,68.8%,18.3%,5.7e-52,CE,4,CE-4
1-4,PPP1R14A,5.199999999999999e-56,0.84,34.0%,3.8%,1.3e-51,CE,4,CE-4
1-4,C1R,8.099999999999999e-55,0.65,63.2%,15.2%,2e-50,CE,4,CE-4
1-4,MGP,1.3e-54,1.71,81.2%,30.9%,3.2e-50,CE,4,CE-4
1-4,PHLDA1,1.3e-54,0.58,45.1%,7.1%,3.2e-50,CE,4,CE-4
1-4,GPRC5A,2.3e-54,0.54,50.7%,9.6%,5.7e-50,CE,4,CE-4
1-4,FGF7,5.6e-54,0.51,27.1%,2.2%,1.4e-49,CE,4,CE-4
1-4,GYPC,9.999999999999999e-54,0.5,67.4%,17.4%,2.6e-49,CE,4,CE-4
1-4,TUBB6,2.4e-51,0.55,61.8%,15.8%,5.9e-47,CE,4,CE-4
1-4,COL1A1,3.5e-50,1.05,45.8%,8.4%,8.8e-46,CE,4,CE-4
1-4,IGF1,1.6999999999999998e-49,0.94,30.6%,3.5%,4.3e-45,CE,4,CE-4
1-4,CCDC80,7.799999999999999e-46,1.66,41.7%,7.6%,2e-41,CE,4,CE-4
1-4,IGFBP5,2e-45,2.04,93.1%,53.6%,4.9e-41,CE,4,CE-4
1-4,IGFBP4,6.3e-45,0.91,91.0%,50.7%,1.6e-40,CE,4,CE-4
1-4,ATP1B3,7.7e-45,0.93,79.9%,31.4%,1.9e-40,CE,4,CE-4
1-4,VIM,1.0999999999999999e-44,1.04,100.0%,74.9%,2.7e-40,CE,4,CE-4
1-4,C7,5.799999999999999e-44,0.64,18.8%,1.2%,1.4999999999999998e-39,CE,4,CE-4
1-4,IL6,6.699999999999999e-44,0.65,41.7%,7.4%,1.7e-39,CE,4,CE-4
1-4,BAG3,5.2999999999999995e-43,0.6,77.1%,29.0%,1.2999999999999998e-38,CE,4,CE-4
1-4,PTMS,3.6e-42,0.72,89.6%,45.2%,8.999999999999999e-38,CE,4,CE-4
1-4,TAGLN,2.3999999999999997e-41,2.36,81.9%,38.2%,5.9000000000000005e-37,CE,4,CE-4
1-4,THBS1,8.399999999999999e-41,0.87,57.6%,16.5%,2.1e-36,CE,4,CE-4
1-4,TGM2,5.9999999999999996e-40,0.65,64.6%,19.9%,1.5e-35,CE,4,CE-4
1-4,MCAM,2e-39,0.48,28.5%,3.8%,5.1e-35,CE,4,CE-4
1-4,GNG11,5.2e-39,0.72,63.2%,21.2%,1.3e-34,CE,4,CE-4
1-4,MYC,6.6e-39,0.76,77.1%,31.4%,1.6e-34,CE,4,CE-4
1-4,KLF9,8.4e-39,0.65,74.3%,29.5%,2.1e-34,CE,4,CE-4
1-4,THY1,1.1999999999999998e-38,0.53,27.1%,3.6%,3e-34,CE,4,CE-4
1-4,ACTA2,1.2e-37,1.92,79.2%,38.5%,2.9999999999999998e-33,CE,4,CE-4
1-4,F3,5.1e-37,0.63,50.0%,13.3%,1.3e-32,CE,4,CE-4
1-4,MYL9,1.1e-36,1.69,77.8%,33.4%,2.9e-32,CE,4,CE-4
1-4,RGS2,1.7999999999999998e-35,0.63,58.3%,17.4%,4.6e-31,CE,4,CE-4
1-4,NBL1,8.9e-35,0.58,74.3%,32.1%,2.2000000000000002e-30,CE,4,CE-4
1-4,MT1M,2.9e-34,0.85,29.2%,4.6%,7.3e-30,CE,4,CE-4
1-4,MFGE8,1.4999999999999999e-33,0.55,77.1%,34.1%,3.7e-29,CE,4,CE-4
1-4,MYH11,2.4999999999999997e-32,1.24,34.7%,7.4%,6.200000000000001e-28,CE,4,CE-4
1-4,CNN1,3.2999999999999997e-32,1.27,43.8%,11.8%,8.100000000000001e-28,CE,4,CE-4
1-4,RAMP1,4.2999999999999994e-32,0.82,71.5%,30.9%,1.1000000000000001e-27,CE,4,CE-4
1-4,FLNA,5.399999999999999e-31,0.83,61.8%,24.6%,1.3e-26,CE,4,CE-4
1-4,UBB,1.5000000000000001e-30,0.61,97.2%,60.8%,3.7e-26,CE,4,CE-4
1-4,EMP1,1.6e-30,0.97,66.7%,27.9%,4.1e-26,CE,4,CE-4
1-4,UAP1,3.6e-30,0.54,65.3%,25.1%,8.9e-26,CE,4,CE-4
1-4,MYADM,8.4000000000000007e-30,0.51,90.3%,48.9%,2.1e-25,CE,4,CE-4
1-4,HSPA6,1.3999999999999998e-29,0.69,38.2%,8.7%,3.6e-25,CE,4,CE-4
1-4,PPP1R12A,7.8e-29,0.5,77.8%,38.5%,1.8999999999999998e-24,CE,4,CE-4
1-4,MT1A,1.8000000000000002e-28,0.87,25.0%,4.1%,4.5999999999999995e-24,CE,4,CE-4
1-4,TMSB4X,1.5e-26,0.49,99.3%,93.1%,3.7000000000000005e-22,CE,4,CE-4
1-4,ID3,1.7e-26,0.71,86.1%,46.9%,4.3e-22,CE,4,CE-4
1-4,ADIRF,3.3e-26,0.92,84.0%,41.8%,8.300000000000001e-22,CE,4,CE-4
1-4,CAV1,4.4e-26,0.67,60.4%,24.7%,1.1e-21,CE,4,CE-4
1-4,DNAJB1,1.7e-25,0.69,97.9%,71.0%,4.4e-21,CE,4,CE-4
1-4,FTL,1.9e-25,0.54,100.0%,91.1%,4.7e-21,CE,4,CE-4
1-4,ZNF331,6.9999999999999995e-25,0.72,81.2%,45.2%,1.8e-20,CE,4,CE-4
1-4,DES,7.699999999999999e-25,1.52,33.3%,8.3%,1.9e-20,CE,4,CE-4
1-4,HSPA1A,1.7e-24,0.89,95.8%,71.9%,4.3e-20,CE,4,CE-4
1-4,TPM1,2.2999999999999997e-24,0.96,94.4%,72.2%,5.7e-20,CE,4,CE-4
1-4,ACTG2,2.2e-23,1.32,27.1%,5.9%,5.5e-19,CE,4,CE-4
1-4,MYLK,3.3e-23,1.17,65.3%,30.1%,8.2e-19,CE,4,CE-4
1-4,CREM,9.5e-23,0.6,75.7%,44.5%,2.4e-18,CE,4,CE-4
1-4,FOSB,4.3e-22,0.73,90.3%,62.6%,1.1e-17,CE,4,CE-4
1-4,LDHA,5.2e-22,0.5,94.4%,67.5%,1.3e-17,CE,4,CE-4
1-4,S100A4,2.2e-21,0.67,68.1%,37.2%,5.4e-17,CE,4,CE-4
1-4,RGS16,3.4e-21,0.54,47.2%,16.7%,8.4e-17,CE,4,CE-4
1-4,FSTL1,9.4e-21,0.5,57.6%,24.4%,2.4e-16,CE,4,CE-4
1-4,KLF2,2.1e-20,0.59,78.5%,43.7%,5.1e-16,CE,4,CE-4
1-4,ACTB,2.2e-20,0.55,100.0%,94.0%,5.5e-16,CE,4,CE-4
1-4,KLF4,3.3e-20,0.55,70.8%,39.7%,8.2e-16,CE,4,CE-4
1-4,COL1A2,3.8e-19,0.83,48.6%,19.5%,9.4e-15,CE,4,CE-4
1-4,SRGN,3.8e-19,0.5,43.1%,14.9%,9.6e-15,CE,4,CE-4
1-4,ID2,8.3e-19,0.5,63.9%,31.7%,2.1e-14,CE,4,CE-4
1-4,CSRP1,1.6e-18,0.8,90.3%,61.1%,4e-14,CE,4,CE-4
1-4,LPP,1.1e-17,0.52,61.1%,32.2%,2.7e-13,CE,4,CE-4
1-4,APOD,2.1e-17,0.48,29.2%,8.0%,5.2e-13,CE,4,CE-4
1-4,GSN,3.3e-17,0.68,88.9%,64.7%,8.1e-13,CE,4,CE-4
1-4,LMNA,4.3e-17,0.5,100.0%,86.0%,1.1e-12,CE,4,CE-4
1-4,TCEAL4,2.1e-16,0.49,90.3%,65.5%,5.3e-12,CE,4,CE-4
1-4,MT1X,4.7e-16,0.91,56.9%,28.4%,1.2e-11,CE,4,CE-4
1-4,MT2A,7.7e-16,1.1,89.6%,67.8%,1.9e-11,CE,4,CE-4
1-4,SELENOP,1.1e-15,0.51,81.9%,55.7%,2.7e-11,CE,4,CE-4
1-4,ACKR1,3.3e-15,0.6,11.8%,1.7%,8.2e-11,CE,4,CE-4
1-4,TIMP1,3.3e-12,0.55,99.3%,85.4%,8.2e-8,CE,4,CE-4
1-4,ICAM1,4.2e-12,0.52,58.3%,31.8%,1e-7,CE,4,CE-4
1-4,MDK,2.3e-11,0.49,72.2%,45.7%,5.7e-7,CE,4,CE-4
1-4,CCL21,2.1e-8,1.58,13.9%,4.1%,5.3e-4,CE,4,CE-4
1-4,CCL14,0.00093000000000000005,0.61,21.5%,12.5%,1,CE,4,CE-4
1-4,CCL2,0.0029,0.48,72.9%,63.2%,1,CE,4,CE-4
1-4,CFD,0.0069,0.59,20.8%,13.9%,1,CE,4,CE-4
2-1,CCL14,0,2.17,83.2%,3.5%,0,NCSE,1,NCSE-1
2-1,ACKR1,0,2.15,66.8%,4.5%,0,NCSE,1,NCSE-1
2-1,SELE,0,2.12,56.3%,2.7%,0,NCSE,1,NCSE-1
2-1,C2CD4B,0,1.63,75.4%,8.4%,0,NCSE,1,NCSE-1
2-1,CAVIN2,0,1.43,84.0%,4.1%,0,NCSE,1,NCSE-1
2-1,SOX18,0,1.34,77.6%,2.5%,0,NCSE,1,NCSE-1
2-1,EGFL7,0,1.25,85.1%,2.1%,0,NCSE,1,NCSE-1
2-1,VWF,0,1.17,75.0%,1.3%,0,NCSE,1,NCSE-1
2-1,A2M,0,1.13,86.6%,7.2%,0,NCSE,1,NCSE-1
2-1,CLDN5,0,1.12,76.5%,0.9%,0,NCSE,1,NCSE-1
2-1,AQP1,0,1.08,68.7%,2.2%,0,NCSE,1,NCSE-1
2-1,MMRN1,0,1.03,35.8%,0.4%,0,NCSE,1,NCSE-1
2-1,THBD,0,0.96,81.0%,4.2%,0,NCSE,1,NCSE-1
2-1,RAMP2,0,0.94,82.5%,2.5%,0,NCSE,1,NCSE-1
2-1,TFPI,0,0.9,56.3%,3.0%,0,NCSE,1,NCSE-1
2-1,ITM2A,0,0.89,79.1%,7.8%,0,NCSE,1,NCSE-1
2-1,GRASP,0,0.88,79.5%,2.7%,0,NCSE,1,NCSE-1
2-1,CD93,0,0.83,69.8%,0.8%,0,NCSE,1,NCSE-1
2-1,SLC2A3,0,0.82,77.6%,5.3%,0,NCSE,1,NCSE-1
2-1,PECAM1,0,0.8,81.0%,0.8%,0,NCSE,1,NCSE-1
2-1,EMCN,0,0.74,79.5%,1.4%,0,NCSE,1,NCSE-1
2-1,FAM110D,0,0.74,60.1%,0.7%,0,NCSE,1,NCSE-1
2-1,APOLD1,0,0.73,73.1%,3.3%,0,NCSE,1,NCSE-1
2-1,FLT1,0,0.72,67.2%,0.4%,0,NCSE,1,NCSE-1
2-1,ECSCR,0,0.72,77.2%,0.4%,0,NCSE,1,NCSE-1
2-1,ADGRL4,0,0.71,75.0%,0.3%,0,NCSE,1,NCSE-1
2-1,ENG,0,0.71,73.5%,3.9%,0,NCSE,1,NCSE-1
2-1,ENPP2,0,0.65,51.9%,1.6%,0,NCSE,1,NCSE-1
2-1,PIK3R3,0,0.65,64.9%,4.1%,0,NCSE,1,NCSE-1
2-1,CLEC14A,0,0.63,66.4%,0.3%,0,NCSE,1,NCSE-1
2-1,ADAMTS9,0,0.63,65.3%,5.0%,0,NCSE,1,NCSE-1
2-1,ESAM,0,0.61,68.3%,1.6%,0,NCSE,1,NCSE-1
2-1,ICAM2,0,0.58,63.8%,1.3%,0,NCSE,1,NCSE-1
2-1,LRRC32,0,0.57,63.1%,4.2%,0,NCSE,1,NCSE-1
2-1,DIPK2B,0,0.54,63.4%,0.3%,0,NCSE,1,NCSE-1
2-1,CD34,0,0.54,60.4%,1.3%,0,NCSE,1,NCSE-1
2-1,PLVAP,0,0.51,53.7%,0.5%,0,NCSE,1,NCSE-1
2-1,NES,0,0.5,53.0%,3.1%,0,NCSE,1,NCSE-1
2-1,RFLNB,0,0.47,54.1%,1.8%,0,NCSE,1,NCSE-1
2-1,TIMP3,1.7999999999999998e-305,1.05,84.7%,11.3%,4.9e-301,NCSE,1,NCSE-1
2-1,TINAGL1,3.2e-296,0.51,68.3%,7.1%,8.799999999999999e-292,NCSE,1,NCSE-1
2-1,SPARC,7.799999999999999e-286,0.59,61.2%,5.8%,2.2e-281,NCSE,1,NCSE-1
2-1,RGS16,1.1999999999999999e-258,0.88,59.7%,6.2%,3.399999999999999e-254,NCSE,1,NCSE-1
2-1,ADAMTS4,1.8e-237,0.82,59.0%,6.6%,5.099999999999999e-233,NCSE,1,NCSE-1
2-1,PMP22,4.099999999999999e-232,0.79,83.2%,14.9%,1.2e-227,NCSE,1,NCSE-1
2-1,STOM,4.4999999999999994e-175,0.82,87.3%,25.1%,1.2999999999999997e-170,NCSE,1,NCSE-1
2-1,EPAS1,2.6999999999999995e-161,0.56,75.0%,15.6%,7.699999999999999e-157,NCSE,1,NCSE-1
2-1,GNG11,7.499999999999999e-157,1.2,99.3%,48.3%,2.0999999999999996e-152,NCSE,1,NCSE-1
2-1,SRGN,1.6e-148,0.58,67.9%,13.0%,4.2999999999999993e-144,NCSE,1,NCSE-1
2-1,PALM2-AKAP2,2.1999999999999998e-148,0.61,68.7%,14.9%,6e-144,NCSE,1,NCSE-1
2-1,PNP,7.1e-147,0.92,81.7%,23.8%,2e-142,NCSE,1,NCSE-1
2-1,KLF2,7.499999999999998e-144,1.23,91.0%,31.5%,2.0999999999999997e-139,NCSE,1,NCSE-1
2-1,TCF4,2.1e-135,0.68,88.1%,28.2%,5.899999999999999e-131,NCSE,1,NCSE-1
2-1,HLA-E,2.9e-133,0.99,100.0%,89.9%,8.2e-129,NCSE,1,NCSE-1
2-1,UPP1,9.999999999999998e-128,0.49,56.7%,10.7%,2.9e-123,NCSE,1,NCSE-1
2-1,PRSS23,1.9e-118,0.5,57.1%,11.7%,5.3e-114,NCSE,1,NCSE-1
2-1,TGFBR2,2.7e-118,0.53,75.7%,21.9%,7.5e-114,NCSE,1,NCSE-1
2-1,B2M,1.8e-104,0.82,100.0%,99.2%,4.999999999999999e-100,NCSE,1,NCSE-1
2-1,VIM,2.1999999999999998e-104,1.14,100.0%,88.3%,6.099999999999999e-100,NCSE,1,NCSE-1
2-1,TMEM70,2.8e-104,0.62,75.7%,25.0%,7.999999999999999e-100,NCSE,1,NCSE-1
2-1,RCAN1,1.3e-103,0.57,60.1%,14.1%,3.7e-99,NCSE,1,NCSE-1
2-1,GJA1,3.3999999999999993e-102,0.55,76.1%,23.6%,9.5e-98,NCSE,1,NCSE-1
2-1,HLA-B,5.599999999999999e-102,0.79,99.6%,96.8%,1.5999999999999996e-97,NCSE,1,NCSE-1
2-1,MT1M,3.1000000000000004e-101,0.63,39.2%,6.4%,8.699999999999999e-97,NCSE,1,NCSE-1
2-1,SPARCL1,5.399999999999999e-100,1.19,95.1%,54.8%,1.5e-95,NCSE,1,NCSE-1
2-1,CSRP2,1.3999999999999998e-97,0.5,58.2%,13.8%,4.1e-93,NCSE,1,NCSE-1
2-1,HLA-A,6.399999999999999e-97,0.73,100.0%,95.0%,1.8e-92,NCSE,1,NCSE-1
2-1,PLPP3,1.3e-95,0.47,63.1%,16.6%,3.6e-91,NCSE,1,NCSE-1
2-1,VAMP5,1.5e-94,0.53,84.7%,32.1%,4.0999999999999995e-90,NCSE,1,NCSE-1
2-1,DLC1,2.6e-94,0.58,82.1%,29.3%,7.3999999999999995e-90,NCSE,1,NCSE-1
2-1,SOCS3,2.3e-92,1.01,97.8%,62.6%,6.499999999999999e-88,NCSE,1,NCSE-1
2-1,MT2A,2.6000000000000003e-92,1.82,94.8%,56.2%,7.199999999999999e-88,NCSE,1,NCSE-1
2-1,EMP1,8.100000000000001e-92,1.03,98.5%,64.7%,2.3e-87,NCSE,1,NCSE-1
2-1,ID3,1.6e-91,1.28,88.4%,47.2%,4.5000000000000005e-87,NCSE,1,NCSE-1
2-1,NDRG1,1.8999999999999998e-90,0.55,79.9%,29.1%,5.4000000000000006e-86,NCSE,1,NCSE-1
2-1,CD59,3e-84,0.67,98.9%,87.4%,8.4e-80,NCSE,1,NCSE-1
2-1,IFI27,6.099999999999999e-82,0.88,90.7%,44.5%,1.7e-77,NCSE,1,NCSE-1
2-1,IL6,1.1e-81,0.69,40.3%,8.1%,3e-77,NCSE,1,NCSE-1
2-1,SPTBN1,1.1e-80,0.63,87.3%,43.0%,3.1000000000000003e-76,NCSE,1,NCSE-1
2-1,HLA-C,1.4e-79,0.62,100.0%,95.8%,3.8999999999999996e-75,NCSE,1,NCSE-1
2-1,C11orf96,8.6e-78,1.16,86.2%,43.9%,2.3999999999999997e-73,NCSE,1,NCSE-1
2-1,TMSB10,1.5e-77,0.62,100.0%,99.5%,4.3e-73,NCSE,1,NCSE-1
2-1,MT1X,1.2e-76,1.04,76.1%,32.8%,3.3e-72,NCSE,1,NCSE-1
2-1,GNAI2,9.1e-75,0.54,97.8%,77.9%,2.6e-70,NCSE,1,NCSE-1
2-1,IGFBP4,3.7000000000000005e-71,0.71,95.9%,68.1%,1e-66,NCSE,1,NCSE-1
2-1,GADD45B,7.1e-71,0.86,98.5%,79.3%,2e-66,NCSE,1,NCSE-1
2-1,ARID5A,9.9e-71,0.5,70.5%,27.1%,2.8e-66,NCSE,1,NCSE-1
2-1,NNMT,2.9e-70,0.62,75.7%,29.1%,8.1e-66,NCSE,1,NCSE-1
2-1,SH3BGRL3,2.3999999999999996e-69,0.59,97.4%,74.0%,6.7e-65,NCSE,1,NCSE-1
2-1,HYAL2,1.7999999999999998e-68,0.63,88.1%,51.1%,5.2e-64,NCSE,1,NCSE-1
2-1,CAV1,3.3999999999999998e-68,0.72,98.5%,77.8%,9.6e-64,NCSE,1,NCSE-1
2-1,CAVIN1,4.9e-64,0.47,91.0%,51.2%,1.4000000000000001e-59,NCSE,1,NCSE-1
2-1,CSF3,2.3e-63,0.98,51.5%,15.5%,6.5e-59,NCSE,1,NCSE-1
2-1,LIFR,1.2e-62,0.47,72.8%,29.6%,3.2e-58,NCSE,1,NCSE-1
2-1,CCL21,7.1e-61,2.58,22.8%,3.6%,1.9999999999999996e-56,NCSE,1,NCSE-1
2-1,ETS2,3.3000000000000004e-60,0.66,96.6%,74.4%,9.299999999999997e-56,NCSE,1,NCSE-1
2-1,MGP,1e-59,0.96,77.6%,36.5%,2.8999999999999996e-55,NCSE,1,NCSE-1
2-1,HSPA1A,9.7e-59,0.91,99.6%,87.2%,2.7e-54,NCSE,1,NCSE-1
2-1,TUBB6,4.4999999999999996e-58,0.48,85.4%,45.6%,1.3e-53,NCSE,1,NCSE-1
2-1,CCDC85B,9.4e-57,0.61,94.0%,72.8%,2.6e-52,NCSE,1,NCSE-1
2-1,SELENOW,2.0999999999999996e-56,0.51,98.5%,83.2%,5.8e-52,NCSE,1,NCSE-1
2-1,SPRY1,1.4e-55,0.59,81.3%,40.0%,3.8e-51,NCSE,1,NCSE-1
2-1,CDKN1A,6.9e-55,0.61,99.3%,75.5%,1.9e-50,NCSE,1,NCSE-1
2-1,ICAM1,3.2999999999999996e-53,0.84,85.1%,48.4%,9.2e-49,NCSE,1,NCSE-1
2-1,IGFBP7,5e-52,0.55,100.0%,97.4%,1.4e-47,NCSE,1,NCSE-1
2-1,SOX17,3.6e-50,0.71,85.1%,51.0%,1e-45,NCSE,1,NCSE-1
2-1,ADAMTS1,1.0999999999999999e-47,0.63,76.5%,37.3%,2.9999999999999996e-43,NCSE,1,NCSE-1
2-1,TM4SF1,5.8e-45,0.63,100.0%,91.6%,1.6e-40,NCSE,1,NCSE-1
2-1,ID1,4.6e-43,0.7,88.8%,57.4%,1.2999999999999998e-38,NCSE,1,NCSE-1
2-1,AKAP12,2.8e-42,0.73,86.6%,54.1%,7.8e-38,NCSE,1,NCSE-1
2-1,TFF3,3.1e-35,0.86,20.9%,4.8%,8.8e-31,NCSE,1,NCSE-1
2-1,KLF4,1.5e-34,0.51,83.6%,52.3%,4.3000000000000004e-30,NCSE,1,NCSE-1
2-1,VCAM1,3.9999999999999995e-31,0.51,44.0%,17.0%,1.1e-26,NCSE,1,NCSE-1
2-1,MT1E,1.4000000000000001e-28,0.54,35.8%,13.0%,4e-24,NCSE,1,NCSE-1
2-1,PPFIBP1,4.8e-19,0.48,79.5%,54.7%,1.4e-14,NCSE,1,NCSE-1
2-2,C11orf96,0,2.68,92.6%,41.6%,0,NCSE,2,NCSE-2
2-2,IGFBP5,0,2.26,88.5%,12.3%,0,NCSE,2,NCSE-2
2-2,TPM2,0,2.08,87.2%,34.4%,0,NCSE,2,NCSE-2
2-2,DCN,0,2.03,80.6%,13.8%,0,NCSE,2,NCSE-2
2-2,MGP,0,1.76,85.8%,34.0%,0,NCSE,2,NCSE-2
2-2,PTGDS,0,1.7,61.9%,13.3%,0,NCSE,2,NCSE-2
2-2,LGALS1,0,1.68,93.8%,43.0%,0,NCSE,2,NCSE-2
2-2,SFRP4,0,1.6,51.3%,3.3%,0,NCSE,2,NCSE-2
2-2,MYH11,0,1.28,53.7%,11.1%,0,NCSE,2,NCSE-2
2-2,CNN1,0,1.24,60.4%,12.1%,0,NCSE,2,NCSE-2
2-2,RAMP1,0,1.13,80.3%,10.1%,0,NCSE,2,NCSE-2
2-2,CRISPLD2,0,1.01,78.8%,7.4%,0,NCSE,2,NCSE-2
2-2,COL1A1,0,0.96,48.6%,4.3%,0,NCSE,2,NCSE-2
2-2,COL3A1,0,0.93,34.6%,1.2%,0,NCSE,2,NCSE-2
2-2,TIMP3,0,0.92,70.3%,8.9%,0,NCSE,2,NCSE-2
2-2,ZNF331,0,0.9,75.5%,23.6%,0,NCSE,2,NCSE-2
2-2,COL6A2,0,0.82,74.2%,12.0%,0,NCSE,2,NCSE-2
2-2,SFRP1,0,0.81,40.0%,1.8%,0,NCSE,2,NCSE-2
2-2,SERPINF1,0,0.79,60.0%,3.3%,0,NCSE,2,NCSE-2
2-2,MEG3,0,0.78,41.6%,1.2%,0,NCSE,2,NCSE-2
2-2,SPARC,0,0.76,53.1%,3.8%,0,NCSE,2,NCSE-2
2-2,PPP1R14A,0,0.74,45.5%,5.9%,0,NCSE,2,NCSE-2
2-2,COL6A3,0,0.71,43.8%,1.5%,0,NCSE,2,NCSE-2
2-2,LUM,0,0.7,30.4%,1.5%,0,NCSE,2,NCSE-2
2-2,GEM,0,0.63,52.3%,6.2%,0,NCSE,2,NCSE-2
2-2,OGN,0,0.63,32.4%,0.6%,0,NCSE,2,NCSE-2
2-2,PLAC9,0,0.62,38.6%,2.2%,0,NCSE,2,NCSE-2
2-2,HSPB6,0,0.6,63.7%,6.0%,0,NCSE,2,NCSE-2
2-2,ADAMTS4,0,0.6,49.2%,4.8%,0,NCSE,2,NCSE-2
2-2,ACKR3,0,0.56,39.3%,3.1%,0,NCSE,2,NCSE-2
2-2,TIMP2,0,0.51,63.6%,10.8%,0,NCSE,2,NCSE-2
2-2,NEXN,0,0.49,40.4%,2.8%,0,NCSE,2,NCSE-2
2-2,MFAP4,0,0.48,52.8%,3.7%,0,NCSE,2,NCSE-2
2-2,SMTN,0,0.47,47.6%,4.8%,0,NCSE,2,NCSE-2
2-2,TGFB1I1,6.999999999999999e-294,0.52,56.1%,12.4%,1.9999999999999998e-289,NCSE,2,NCSE-2
2-2,EMP3,5.699999999999999e-286,0.58,72.6%,22.0%,1.6e-281,NCSE,2,NCSE-2
2-2,FBLN1,4.5e-277,1.1,60.9%,16.9%,1.3e-272,NCSE,2,NCSE-2
2-2,SELENOM,1.5000000000000001e-274,1.01,86.1%,40.4%,4.2e-270,NCSE,2,NCSE-2
2-2,IGFBP6,1.1e-271,1.41,72.4%,25.2%,3e-267,NCSE,2,NCSE-2
2-2,CALD1,2e-270,1.1,91.8%,63.7%,5.6e-266,NCSE,2,NCSE-2
2-2,SPARCL1,1.8e-267,1.18,94.8%,53.0%,5.1e-263,NCSE,2,NCSE-2
2-2,MCAM,7.5e-266,0.48,33.2%,4.4%,2.1e-261,NCSE,2,NCSE-2
2-2,FHL1,1.9e-256,0.58,66.4%,21.2%,5.400000000000001e-252,NCSE,2,NCSE-2
2-2,APOD,2.1999999999999997e-249,0.49,25.5%,2.6%,6.0999999999999994e-245,NCSE,2,NCSE-2
2-2,FILIP1L,9.9e-243,0.48,48.2%,10.3%,2.7999999999999994e-238,NCSE,2,NCSE-2
2-2,ACTA2,3.599999999999999e-229,2.11,80.1%,46.2%,9.999999999999999e-225,NCSE,2,NCSE-2
2-2,MYLK,3.0999999999999995e-218,1.27,67.7%,26.1%,8.799999999999998e-214,NCSE,2,NCSE-2
2-2,KLF2,2.9999999999999995e-214,0.95,72.6%,30.0%,8.5e-210,NCSE,2,NCSE-2
2-2,KLF9,4.699999999999999e-213,0.54,69.1%,26.2%,1.2999999999999999e-208,NCSE,2,NCSE-2
2-2,COL6A1,3.8e-190,0.63,66.6%,25.0%,1.0999999999999999e-185,NCSE,2,NCSE-2
2-2,MUSTN1,6.4e-182,0.49,20.0%,2.2%,1.7999999999999995e-177,NCSE,2,NCSE-2
2-2,TPM1,1.3999999999999998e-180,0.91,95.3%,84.1%,3.7999999999999994e-176,NCSE,2,NCSE-2
2-2,CREM,3.9999999999999996e-165,0.59,77.0%,39.4%,1.0999999999999999e-160,NCSE,2,NCSE-2
2-2,BST2,6.3e-163,0.52,84.6%,45.1%,1.7999999999999998e-158,NCSE,2,NCSE-2
2-2,ADAMTS1,8.799999999999999e-163,0.73,77.6%,35.4%,2.5e-158,NCSE,2,NCSE-2
2-2,TAGLN,7.8e-161,1.84,89.4%,67.8%,2.2e-156,NCSE,2,NCSE-2
2-2,ID3,2.6999999999999997e-151,0.73,81.6%,45.7%,7.499999999999999e-147,NCSE,2,NCSE-2
2-2,VIM,2.2e-150,0.75,98.3%,87.9%,5.9999999999999995e-146,NCSE,2,NCSE-2
2-2,C7,8.2e-147,0.6,15.0%,1.5%,2.3e-142,NCSE,2,NCSE-2
2-2,S100A4,1.0999999999999999e-144,0.74,64.1%,29.1%,3.1e-140,NCSE,2,NCSE-2
2-2,DES,2.6e-140,1.63,48.5%,17.9%,7.2e-136,NCSE,2,NCSE-2
2-2,ATP1B3,2.5e-138,0.79,77.5%,46.7%,6.899999999999999e-134,NCSE,2,NCSE-2
2-2,GADD45B,8.6e-135,0.81,94.8%,78.7%,2.3999999999999996e-130,NCSE,2,NCSE-2
2-2,FLNA,9.499999999999999e-135,0.7,82.0%,56.6%,2.6999999999999995e-130,NCSE,2,NCSE-2
2-2,MYC,9.9e-134,0.58,78.0%,44.3%,2.8e-129,NCSE,2,NCSE-2
2-2,IL6,1.1e-130,0.49,30.9%,7.3%,2.9999999999999995e-126,NCSE,2,NCSE-2
2-2,MT1A,7.6e-128,0.69,23.0%,4.3%,2.1000000000000003e-123,NCSE,2,NCSE-2
2-2,IGFBP4,7.1e-126,0.57,90.8%,67.1%,2e-121,NCSE,2,NCSE-2
2-2,UBB,4.1e-125,0.49,96.0%,88.0%,1.0999999999999997e-120,NCSE,2,NCSE-2
2-2,ACTG2,2.4999999999999993e-120,1.3,37.9%,12.3%,7e-116,NCSE,2,NCSE-2
2-2,JUNB,4.3e-118,0.53,98.5%,98.3%,1.1999999999999998e-113,NCSE,2,NCSE-2
2-2,RARRES2,1.4e-116,0.5,92.6%,72.8%,3.8e-112,NCSE,2,NCSE-2
2-2,C1R,4.6e-116,0.49,73.4%,37.7%,1.2999999999999997e-111,NCSE,2,NCSE-2
2-2,MYL9,8.999999999999998e-111,1.16,93.3%,86.0%,2.5e-106,NCSE,2,NCSE-2
2-2,SOCS3,2.3e-109,0.54,87.9%,61.7%,6.499999999999999e-105,NCSE,2,NCSE-2
2-2,ZCCHC12,9.099999999999999e-100,0.5,30.0%,8.5%,2.5e-95,NCSE,2,NCSE-2
2-2,COL1A2,1.2e-98,0.71,48.0%,17.8%,3.3e-94,NCSE,2,NCSE-2
2-2,UAP1,7.0999999999999995e-96,0.48,62.1%,32.1%,2e-91,NCSE,2,NCSE-2
2-2,TUBA1A,3.3e-89,0.52,88.6%,75.3%,9.2e-85,NCSE,2,NCSE-2
2-2,DSTN,7.599999999999999e-89,0.54,97.4%,96.7%,2.1e-84,NCSE,2,NCSE-2
2-2,MT1M,2.1999999999999998e-88,0.89,23.2%,6.0%,6.2999999999999995e-84,NCSE,2,NCSE-2
2-2,MT2A,2.9999999999999994e-88,1.56,77.8%,55.5%,8.4e-84,NCSE,2,NCSE-2
2-2,CSRP1,1.2e-86,0.64,92.6%,88.2%,3.2999999999999996e-82,NCSE,2,NCSE-2
2-2,MT1E,1.5e-86,0.76,34.9%,12.0%,4.1e-82,NCSE,2,NCSE-2
2-2,HSPA1A,1.4000000000000001e-80,0.73,93.7%,87.0%,3.9e-76,NCSE,2,NCSE-2
2-2,IGF1,1.4e-72,0.64,32.5%,12.1%,3.9999999999999994e-68,NCSE,2,NCSE-2
2-2,HSPA6,3.5e-66,0.55,25.1%,8.3%,9.899999999999999e-62,NCSE,2,NCSE-2
2-2,CCDC80,2e-61,1.32,49.4%,25.9%,5.5e-57,NCSE,2,NCSE-2
2-2,MT1X,7.3e-48,0.76,53.2%,32.4%,1.9999999999999998e-43,NCSE,2,NCSE-2
2-2,ADIRF,1.2e-28,0.52,92.7%,86.7%,3.4e-24,NCSE,2,NCSE-2
2-3,TXNIP,0,0.84,80.4%,61.0%,0,NCSE,3,NCSE-3
2-3,ATF3,0,0.72,96.8%,93.0%,0,NCSE,3,NCSE-3
2-3,ZFP36L1,0,0.67,93.1%,80.8%,0,NCSE,3,NCSE-3
2-3,BTG2,0,0.54,94.4%,90.5%,0,NCSE,3,NCSE-3
2-3,SNHG7,0,0.53,91.3%,77.1%,0,NCSE,3,NCSE-3
2-3,GAS5,0,0.51,84.5%,82.9%,0,NCSE,3,NCSE-3
2-3,JUNB,0,0.49,98.6%,98.1%,0,NCSE,3,NCSE-3
2-3,CIRBP,0,0.48,98.6%,97.9%,0,NCSE,3,NCSE-3
2-3,LYPD1,0,0.47,88.3%,73.7%,0,NCSE,3,NCSE-3
2-3,FOS,1.6e-269,0.63,97.2%,93.6%,4.6e-265,NCSE,3,NCSE-3
2-3,JUN,6.399999999999999e-169,0.53,97.8%,97.6%,1.8e-164,NCSE,3,NCSE-3
2-3,CRYAB,1.1e-68,0.69,81.5%,76.7%,3.2e-64,NCSE,3,NCSE-3
2-3,IGKC,8.7e-15,0.93,10.8%,15.4%,2.4e-10,NCSE,3,NCSE-3
2-4,CXCL1,0,1.27,71.8%,43.5%,0,NCSE,4,NCSE-4
2-4,CXCL8,0,1.05,69.0%,37.4%,0,NCSE,4,NCSE-4
2-4,LCN2,0,1,97.4%,84.2%,0,NCSE,4,NCSE-4
2-4,MMP7,0,0.93,94.2%,76.5%,0,NCSE,4,NCSE-4
2-4,SERPINB1,0,0.89,97.0%,83.0%,0,NCSE,4,NCSE-4
2-4,BIRC3,0,0.81,96.2%,71.0%,0,NCSE,4,NCSE-4
2-4,TFPI2,0,0.77,85.0%,69.4%,0,NCSE,4,NCSE-4
2-4,PTX3,0,0.76,52.3%,16.8%,0,NCSE,4,NCSE-4
2-4,PLAUR,0,0.73,81.2%,44.7%,0,NCSE,4,NCSE-4
2-4,SOD2,0,0.63,99.6%,92.7%,0,NCSE,4,NCSE-4
2-4,TNFAIP2,0,0.6,90.7%,70.3%,0,NCSE,4,NCSE-4
2-4,LAMB3,0,0.58,76.3%,38.6%,0,NCSE,4,NCSE-4
2-4,IL4I1,0,0.57,71.2%,39.2%,0,NCSE,4,NCSE-4
2-4,TNFRSF12A,0,0.57,99.5%,91.8%,0,NCSE,4,NCSE-4
2-4,S100A10,0,0.51,100.0%,98.9%,0,NCSE,4,NCSE-4
2-4,PRSS22,0,0.51,68.4%,42.6%,0,NCSE,4,NCSE-4
2-4,PHLDA2,0,0.5,81.3%,56.1%,0,NCSE,4,NCSE-4
2-4,TUBA1C,0,0.5,97.2%,84.0%,0,NCSE,4,NCSE-4
2-4,EZR,0,0.48,97.5%,87.2%,0,NCSE,4,NCSE-4
2-4,PDLIM1,0,0.48,98.6%,91.0%,0,NCSE,4,NCSE-4
2-4,KRT8,0,0.48,99.9%,98.4%,0,NCSE,4,NCSE-4
2-4,S100A6,0,0.47,99.9%,98.0%,0,NCSE,4,NCSE-4
2-4,CCL20,1.1999999999999997e-235,0.91,37.9%,14.3%,3.2e-231,NCSE,4,NCSE-4
2-4,CXCL2,4.899999999999999e-209,0.59,93.9%,82.5%,1.4e-204,NCSE,4,NCSE-4
2-4,CCL2,2.0999999999999998e-189,0.52,91.9%,79.6%,5.999999999999999e-185,NCSE,4,NCSE-4
2-4,KRT17,1.7999999999999997e-181,0.55,84.8%,67.5%,4.999999999999999e-177,NCSE,4,NCSE-4
2-4,GJA4,2.3999999999999997e-165,0.5,56.9%,38.0%,6.799999999999999e-161,NCSE,4,NCSE-4
2-5,OVGP1,0,2.95,95.4%,19.6%,0,NCSE,5,NCSE-5
2-5,CPM,0,1.85,94.0%,26.7%,0,NCSE,5,NCSE-5
2-5,PGR,0,1.75,94.5%,30.0%,0,NCSE,5,NCSE-5
2-5,PKHD1L1,0,1.64,91.4%,15.0%,0,NCSE,5,NCSE-5
2-5,COL1A2,0,1.52,90.2%,16.8%,0,NCSE,5,NCSE-5
2-5,CYP1B1,0,1.52,90.9%,28.6%,0,NCSE,5,NCSE-5
2-5,EPB41L2,0,1.46,95.8%,41.8%,0,NCSE,5,NCSE-5
2-5,MED24,0,1.36,88.3%,24.9%,0,NCSE,5,NCSE-5
2-5,SLC12A2,0,1.33,93.1%,32.1%,0,NCSE,5,NCSE-5
2-5,SLC26A2,0,1.2,88.5%,20.3%,0,NCSE,5,NCSE-5
2-5,GCLC,0,1.18,90.3%,22.3%,0,NCSE,5,NCSE-5
2-5,KIAA1324,0,1.13,90.0%,14.4%,0,NCSE,5,NCSE-5
2-5,TCN1,0,1.05,50.1%,3.1%,0,NCSE,5,NCSE-5
2-5,WDR77,0,1.03,95.1%,34.1%,0,NCSE,5,NCSE-5
2-5,PPM1L,0,0.93,82.7%,11.1%,0,NCSE,5,NCSE-5
2-5,SCUBE2,0,0.93,82.7%,8.2%,0,NCSE,5,NCSE-5
2-5,POSTN,0,0.92,75.6%,7.2%,0,NCSE,5,NCSE-5
2-5,SPATA13,0,0.92,88.2%,21.5%,0,NCSE,5,NCSE-5
2-5,LGR5,0,0.89,82.7%,14.5%,0,NCSE,5,NCSE-5
2-5,DAB2,0,0.82,81.1%,18.7%,0,NCSE,5,NCSE-5
2-5,HK2,0,0.79,82.3%,14.4%,0,NCSE,5,NCSE-5
2-5,HYOU1,0,0.78,83.8%,21.1%,0,NCSE,5,NCSE-5
2-5,SPDEF,0,0.78,79.4%,11.1%,0,NCSE,5,NCSE-5
2-5,TNFRSF19,0,0.73,79.6%,19.1%,0,NCSE,5,NCSE-5
2-5,INSIG1,0,0.72,74.5%,14.7%,0,NCSE,5,NCSE-5
2-5,MEGF9,0,0.7,76.1%,17.3%,0,NCSE,5,NCSE-5
2-5,MATN2,0,0.67,74.7%,10.5%,0,NCSE,5,NCSE-5
2-5,ACE,0,0.66,74.1%,8.2%,0,NCSE,5,NCSE-5
2-5,LINC01541,0,0.66,63.2%,2.7%,0,NCSE,5,NCSE-5
2-5,NPAS3,0,0.66,78.9%,18.0%,0,NCSE,5,NCSE-5
2-5,RIMS2,0,0.64,71.2%,13.8%,0,NCSE,5,NCSE-5
2-5,C1orf162,0,0.62,72.9%,12.8%,0,NCSE,5,NCSE-5
2-5,MMP26,0,0.61,52.1%,3.5%,0,NCSE,5,NCSE-5
2-5,CPNE5,0,0.59,72.9%,9.7%,0,NCSE,5,NCSE-5
2-5,SLC28A3,0,0.59,71.0%,13.8%,0,NCSE,5,NCSE-5
2-5,STARD4,0,0.58,71.8%,10.4%,0,NCSE,5,NCSE-5
2-5,PRSS12,0,0.56,68.9%,10.9%,0,NCSE,5,NCSE-5
2-5,COL12A1,0,0.56,56.6%,6.3%,0,NCSE,5,NCSE-5
2-5,PLCB4,0,0.54,76.9%,14.3%,0,NCSE,5,NCSE-5
2-5,AC078845.1,0,0.51,63.9%,4.7%,0,NCSE,5,NCSE-5
2-5,PGM2L1,2.8e-306,0.95,90.7%,30.6%,7.6999999999999994e-303,NCSE,5,NCSE-5
2-5,ABCC4,2e-306,0.57,76.7%,17.2%,5.5e-302,NCSE,5,NCSE-5
2-5,ANO1,1.4999999999999998e-301,0.59,76.0%,17.4%,4.2999999999999996e-297,NCSE,5,NCSE-5
2-5,SEMA3C,4.999999999999999e-301,0.54,69.8%,13.7%,1.4e-296,NCSE,5,NCSE-5
2-5,GALNT4,8.9e-296,0.78,78.9%,20.0%,2.4999999999999998e-291,NCSE,5,NCSE-5
2-5,ACSS2,1.1e-290,0.59,72.1%,16.0%,2.9999999999999996e-286,NCSE,5,NCSE-5
2-5,SORL1,1.3e-289,1.36,98.4%,58.8%,3.7e-285,NCSE,5,NCSE-5
2-5,ITPRID2,1.8999999999999996e-287,0.86,85.6%,26.9%,5.2e-283,NCSE,5,NCSE-5
2-5,ASRGL1,1.5e-284,1.37,99.1%,77.1%,4.099999999999999e-280,NCSE,5,NCSE-5
2-5,DNAJC10,2.7e-284,0.99,89.6%,32.7%,7.399999999999999e-280,NCSE,5,NCSE-5
2-5,ITGA6,6.2e-284,0.92,94.4%,36.6%,1.6999999999999999e-279,NCSE,5,NCSE-5
2-5,ISG20,6.7e-283,0.9,86.2%,27.5%,1.9000000000000002e-278,NCSE,5,NCSE-5
2-5,CPD,1.9e-281,0.82,91.8%,33.9%,5.400000000000001e-277,NCSE,5,NCSE-5
2-5,HMGCR,5.3e-281,0.76,79.1%,20.9%,1.5e-276,NCSE,5,NCSE-5
2-5,PDIA4,1.9000000000000002e-277,1.37,94.4%,45.6%,5.4e-273,NCSE,5,NCSE-5
2-5,USP53,4.4e-277,1.58,98.4%,63.2%,1.2e-272,NCSE,5,NCSE-5
2-5,ARHGAP26,9.8e-274,1,94.9%,44.8%,2.6999999999999998e-269,NCSE,5,NCSE-5
2-5,CRELD2,2.1e-270,0.97,86.5%,30.8%,5.8e-266,NCSE,5,NCSE-5
2-5,KCNK6,9.5e-270,0.91,82.0%,24.2%,2.7e-265,NCSE,5,NCSE-5
2-5,LBH,6.1e-267,1.16,90.5%,37.6%,1.7e-262,NCSE,5,NCSE-5
2-5,PDIA3,1.6e-266,1.28,99.5%,91.0%,4.4e-262,NCSE,5,NCSE-5
2-5,SLC7A2,7.6e-263,1.22,98.5%,60.2%,2.1e-258,NCSE,5,NCSE-5
2-5,AGR2,1.5e-262,1.49,96.2%,52.6%,4.2e-258,NCSE,5,NCSE-5
2-5,PLA2G4A,3.3e-261,0.64,84.7%,26.6%,9.099999999999999e-257,NCSE,5,NCSE-5
2-5,HSP90B1,1.1e-257,1.52,99.6%,96.6%,2.9999999999999996e-253,NCSE,5,NCSE-5
2-5,C2orf88,1.8e-257,0.97,94.7%,40.8%,4.899999999999999e-253,NCSE,5,NCSE-5
2-5,HIF1A,8.799999999999999e-256,1.23,98.7%,73.0%,2.4999999999999997e-251,NCSE,5,NCSE-5
2-5,HMGCS1,2.1e-255,0.96,84.5%,27.1%,5.799999999999999e-251,NCSE,5,NCSE-5
2-5,CALR,2.9e-255,1.2,99.5%,89.7%,8.2e-251,NCSE,5,NCSE-5
2-5,AP1S3,5.699999999999999e-253,0.53,67.4%,15.1%,1.5999999999999995e-248,NCSE,5,NCSE-5
2-5,MARCKS,1.6e-251,1.36,99.6%,84.5%,4.399999999999999e-247,NCSE,5,NCSE-5
2-5,HSPA5,2.6999999999999994e-250,1.47,99.5%,92.5%,7.5e-246,NCSE,5,NCSE-5
2-5,SPARCL1,9.7e-249,1.56,95.3%,54.0%,2.6999999999999996e-244,NCSE,5,NCSE-5
2-5,EPS8,1.3999999999999995e-248,0.66,84.5%,28.3%,3.899999999999999e-244,NCSE,5,NCSE-5
2-5,PDIA6,2.3000000000000003e-246,1.03,98.7%,85.7%,6.6e-242,NCSE,5,NCSE-5
2-5,DLC1,3e-246,0.7,85.8%,28.0%,8.5e-242,NCSE,5,NCSE-5
2-5,MGST1,1.7999999999999998e-245,1.13,98.2%,64.8%,5.199999999999999e-241,NCSE,5,NCSE-5
2-5,ELOVL5,4.3e-245,0.67,84.0%,28.0%,1.2e-240,NCSE,5,NCSE-5
2-5,LIPA,2.3999999999999995e-244,0.6,77.6%,22.8%,6.7e-240,NCSE,5,NCSE-5
2-5,MTPN,3.2999999999999996e-240,1.02,97.4%,73.1%,9.399999999999997e-236,NCSE,5,NCSE-5
2-5,RBBP7,5.5e-237,1.05,98.0%,71.3%,1.4999999999999998e-232,NCSE,5,NCSE-5
2-5,SLC27A6,3.099999999999999e-236,0.48,76.7%,20.9%,8.699999999999999e-232,NCSE,5,NCSE-5
2-5,PTGS2,6.899999999999997e-235,1.16,80.7%,24.7%,1.8999999999999997e-230,NCSE,5,NCSE-5
2-5,SPON1,6.199999999999999e-234,0.81,91.3%,36.4%,1.7e-229,NCSE,5,NCSE-5
2-5,SPTLC2,4.299999999999999e-232,0.67,86.3%,33.1%,1.2e-227,NCSE,5,NCSE-5
2-5,TSPAN13,4.6999999999999996e-231,0.55,81.1%,26.5%,1.3e-226,NCSE,5,NCSE-5
2-5,CD55,1.6999999999999997e-230,1.17,98.4%,69.6%,4.8e-226,NCSE,5,NCSE-5
2-5,XBP1,1.1e-227,0.99,99.1%,88.3%,3.0999999999999994e-223,NCSE,5,NCSE-5
2-5,CBLB,1.2e-227,0.51,75.2%,21.1%,3.2999999999999996e-223,NCSE,5,NCSE-5
2-5,ATP2A2,1.5e-227,0.73,92.3%,41.8%,4.299999999999999e-223,NCSE,5,NCSE-5
2-5,CD24,2e-227,1.03,99.1%,81.5%,5.499999999999999e-223,NCSE,5,NCSE-5
2-5,DNAJC3,2.8999999999999996e-227,0.94,95.6%,57.0%,8.1e-223,NCSE,5,NCSE-5
2-5,LPAR3,1.0999999999999999e-226,0.48,73.2%,19.5%,3.1e-222,NCSE,5,NCSE-5
2-5,SEC14L1,3.199999999999999e-225,0.7,87.6%,36.1%,9e-221,NCSE,5,NCSE-5
2-5,ITGA2,4.899999999999999e-225,0.51,69.9%,18.1%,1.4e-220,NCSE,5,NCSE-5
2-5,SLPI,4.1999999999999996e-224,1.17,100.0%,99.5%,1.1999999999999999e-219,NCSE,5,NCSE-5
2-5,NRIP1,9.999999999999999e-222,0.91,93.6%,46.5%,2.9e-217,NCSE,5,NCSE-5
2-5,ALCAM,1.4999999999999998e-221,0.87,97.1%,63.4%,4.2999999999999994e-217,NCSE,5,NCSE-5
2-5,IRS2,1.3999999999999998e-219,0.7,86.3%,33.2%,3.9e-215,NCSE,5,NCSE-5
2-5,CANX,5.8e-219,0.85,99.1%,82.5%,1.5999999999999999e-214,NCSE,5,NCSE-5
2-5,CRYBG1,3.2999999999999997e-218,0.51,75.0%,21.5%,9.3e-214,NCSE,5,NCSE-5
2-5,SLC7A8,1.8e-217,0.64,85.6%,33.0%,4.9e-213,NCSE,5,NCSE-5
2-5,SERPINA3,2.4e-217,1.56,83.8%,32.6%,6.9e-213,NCSE,5,NCSE-5
2-5,PTPN4,1.3999999999999999e-214,0.49,73.0%,20.8%,3.9999999999999995e-210,NCSE,5,NCSE-5
2-5,GALNT7,2.6999999999999997e-214,0.51,79.1%,25.4%,7.699999999999999e-210,NCSE,5,NCSE-5
2-5,SPCS3,7.599999999999999e-214,0.79,95.4%,57.7%,2.1e-209,NCSE,5,NCSE-5
2-5,DHCR24,1.0999999999999999e-213,0.82,93.3%,47.0%,3e-209,NCSE,5,NCSE-5
2-5,MANF,1.2999999999999999e-213,0.86,95.1%,56.8%,3.5999999999999996e-209,NCSE,5,NCSE-5
2-5,WFDC2,5.699999999999999e-213,0.95,99.8%,99.8%,1.5999999999999999e-208,NCSE,5,NCSE-5
2-5,GPD2,4.999999999999999e-212,0.5,80.9%,26.4%,1.3999999999999998e-207,NCSE,5,NCSE-5
2-5,CD83,3.7999999999999997e-208,1.04,87.2%,37.1%,1.0999999999999998e-203,NCSE,5,NCSE-5
2-5,AIFM1,7.999999999999999e-208,0.68,91.4%,44.8%,2.1999999999999997e-203,NCSE,5,NCSE-5
2-5,SERINC5,1.8999999999999997e-207,0.68,89.3%,39.2%,5.2e-203,NCSE,5,NCSE-5
2-5,ABI3BP,4.9999999999999995e-207,0.71,74.0%,22.6%,1.4e-202,NCSE,5,NCSE-5
2-5,SLC9A3R1,3e-205,0.81,92.3%,51.6%,8.299999999999999e-201,NCSE,5,NCSE-5
2-5,TMSB10,1.9e-204,0.74,99.8%,99.4%,5.2e-200,NCSE,5,NCSE-5
2-5,RNASE1,5.4e-204,1.22,95.4%,56.8%,1.5000000000000001e-199,NCSE,5,NCSE-5
2-5,PLXDC2,1.4999999999999998e-203,0.67,87.8%,36.4%,4.2e-199,NCSE,5,NCSE-5
2-5,MSMO1,1.2e-202,0.83,84.2%,34.5%,3.2999999999999997e-198,NCSE,5,NCSE-5
2-5,ITGB8,1.5999999999999999e-201,0.81,92.0%,46.0%,4.5999999999999995e-197,NCSE,5,NCSE-5
2-5,CREB3L4,8.5e-198,0.52,73.6%,23.7%,2.4e-193,NCSE,5,NCSE-5
2-5,CYBA,9.999999999999998e-198,0.68,99.5%,96.4%,2.9e-193,NCSE,5,NCSE-5
2-5,GNB5,1.7999999999999998e-196,0.62,85.4%,34.8%,5.0999999999999994e-192,NCSE,5,NCSE-5
2-5,DLST,1.8e-194,0.51,75.6%,25.5%,4.999999999999999e-190,NCSE,5,NCSE-5
2-5,NOTCH2,2.4e-192,0.54,81.1%,29.6%,6.599999999999999e-188,NCSE,5,NCSE-5
2-5,ITGAV,6.199999999999999e-192,0.57,83.2%,31.8%,1.7e-187,NCSE,5,NCSE-5
2-5,MUC1,1.7999999999999998e-191,0.75,100.0%,94.7%,4.899999999999999e-187,NCSE,5,NCSE-5
2-5,CST3,2.7999999999999998e-191,0.92,100.0%,98.8%,8e-187,NCSE,5,NCSE-5
2-5,LYN,9.099999999999999e-191,0.63,81.8%,32.2%,2.4999999999999996e-186,NCSE,5,NCSE-5
2-5,MT-ND5,1.5999999999999998e-190,0.89,99.8%,98.1%,4.5e-186,NCSE,5,NCSE-5
2-5,GLIS3,1.9999999999999998e-190,0.6,85.2%,35.3%,5.6e-186,NCSE,5,NCSE-5
2-5,FUT8,1.5999999999999998e-189,0.48,77.2%,26.0%,4.4999999999999995e-185,NCSE,5,NCSE-5
2-5,CMTM6,1.9999999999999997e-189,0.8,99.3%,88.1%,5.499999999999999e-185,NCSE,5,NCSE-5
2-5,AHCYL1,5.5e-189,0.74,96.2%,64.2%,1.5999999999999995e-184,NCSE,5,NCSE-5
2-5,TMED10,2.7999999999999998e-188,0.66,98.7%,86.6%,7.699999999999998e-184,NCSE,5,NCSE-5
2-5,TMEM50B,2.1999999999999998e-187,0.6,85.6%,37.7%,6.0999999999999985e-183,NCSE,5,NCSE-5
2-5,SDF2L1,1.1999999999999998e-186,0.79,94.2%,56.4%,3.4e-182,NCSE,5,NCSE-5
2-5,SQLE,8.799999999999999e-186,0.54,68.9%,20.6%,2.4999999999999995e-181,NCSE,5,NCSE-5
2-5,NUCB2,1.3999999999999997e-184,0.84,95.6%,63.4%,3.999999999999999e-180,NCSE,5,NCSE-5
2-5,MT-ND4L,1.5999999999999995e-184,0.99,98.4%,82.5%,4.399999999999999e-180,NCSE,5,NCSE-5
2-5,CYP51A1,1.5999999999999995e-184,0.91,88.7%,47.3%,4.399999999999999e-180,NCSE,5,NCSE-5
2-5,SLC38A2,1.0999999999999998e-183,0.68,88.9%,38.2%,3.0999999999999996e-179,NCSE,5,NCSE-5
2-5,SMIM14,2.5999999999999995e-183,0.64,90.3%,44.4%,7.299999999999999e-179,NCSE,5,NCSE-5
2-5,SEL1L,2.9999999999999994e-183,0.52,79.4%,29.5%,8.299999999999998e-179,NCSE,5,NCSE-5
2-5,COL18A1,3.5999999999999993e-183,0.89,93.3%,62.7%,9.999999999999998e-179,NCSE,5,NCSE-5
2-5,ZBTB38,1.4e-182,0.83,93.6%,58.6%,3.999999999999999e-178,NCSE,5,NCSE-5
2-5,CERT1,7.899999999999999e-181,0.68,82.7%,35.4%,2.2e-176,NCSE,5,NCSE-5
2-5,IVNS1ABP,3.9999999999999994e-179,0.55,80.9%,31.3%,1.0999999999999999e-174,NCSE,5,NCSE-5
2-5,MYOF,1.0999999999999999e-178,0.71,92.9%,50.9%,3.1999999999999995e-174,NCSE,5,NCSE-5
2-5,VIM,9.199999999999999e-178,0.98,98.9%,88.1%,2.5999999999999997e-173,NCSE,5,NCSE-5
2-5,PRKX,1.0999999999999998e-177,0.66,91.6%,47.6%,2.9e-173,NCSE,5,NCSE-5
2-5,ESR1,2.3999999999999994e-177,0.62,93.8%,51.7%,6.8e-173,NCSE,5,NCSE-5
2-5,PPM1K,4.599999999999999e-177,0.67,83.4%,35.2%,1.3e-172,NCSE,5,NCSE-5
2-5,SSR4,8.599999999999998e-177,0.72,99.5%,95.1%,2.3999999999999995e-172,NCSE,5,NCSE-5
2-5,HIPK3,1.4999999999999998e-176,0.66,91.1%,45.6%,4.299999999999999e-172,NCSE,5,NCSE-5
2-5,NET1,2.7e-176,0.7,92.2%,52.1%,7.399999999999999e-172,NCSE,5,NCSE-5
2-5,LDLR,7.199999999999999e-176,0.89,92.5%,51.1%,1.9999999999999997e-171,NCSE,5,NCSE-5
2-5,MIA2,1.3999999999999997e-175,0.53,80.5%,31.5%,3.7999999999999998e-171,NCSE,5,NCSE-5
2-5,IFI16,2.6999999999999994e-175,0.83,97.8%,74.6%,7.499999999999999e-171,NCSE,5,NCSE-5
2-5,HERPUD1,3.8999999999999994e-175,0.94,95.8%,66.2%,1.0999999999999999e-170,NCSE,5,NCSE-5
2-5,CLDN10,5.299999999999999e-175,0.81,98.0%,75.9%,1.4999999999999997e-170,NCSE,5,NCSE-5
2-5,WNK1,8.599999999999999e-175,0.6,88.0%,43.3%,2.3999999999999996e-170,NCSE,5,NCSE-5
2-5,GFPT1,9.999999999999999e-175,0.55,85.4%,35.8%,2.7999999999999996e-170,NCSE,5,NCSE-5
2-5,MT-CO1,1.0999999999999999e-174,0.53,99.8%,99.5%,2.9999999999999994e-170,NCSE,5,NCSE-5
2-5,TLE1,5.3e-173,0.58,81.8%,33.8%,1.5e-168,NCSE,5,NCSE-5
2-5,HMGB3,7.5e-173,0.62,83.2%,38.3%,2.0999999999999997e-168,NCSE,5,NCSE-5
2-5,ADAMTS1,1.3e-172,0.97,84.7%,36.1%,3.5e-168,NCSE,5,NCSE-5
2-5,SCARB2,1.4999999999999996e-172,0.65,94.0%,55.6%,4.1e-168,NCSE,5,NCSE-5
2-5,SAT1,6.299999999999999e-172,0.92,100.0%,98.5%,1.7999999999999997e-167,NCSE,5,NCSE-5
2-5,RBM47,6.9e-171,0.65,92.9%,52.1%,1.8999999999999996e-166,NCSE,5,NCSE-5
2-5,MSI2,1.1999999999999998e-170,0.54,89.3%,42.1%,3.2999999999999996e-166,NCSE,5,NCSE-5
2-5,NFE2L1,1.3999999999999998e-170,0.52,82.7%,34.4%,3.799999999999999e-166,NCSE,5,NCSE-5
2-5,PPP1CB,5.799999999999999e-170,0.67,99.3%,88.2%,1.5999999999999998e-165,NCSE,5,NCSE-5
2-5,IDI1,6.699999999999998e-169,0.66,84.0%,37.6%,1.9e-164,NCSE,5,NCSE-5
2-5,FNDC3B,2.2e-168,0.51,85.2%,34.8%,6.099999999999999e-164,NCSE,5,NCSE-5
2-5,GOLGB1,1.7e-167,0.72,99.1%,72.9%,4.6999999999999994e-163,NCSE,5,NCSE-5
2-5,AHR,2.8999999999999996e-167,0.78,92.3%,57.9%,8.1e-163,NCSE,5,NCSE-5
2-5,CLTC,3.8999999999999994e-166,0.58,90.7%,47.7%,1.0999999999999998e-161,NCSE,5,NCSE-5
2-5,SLC1A5,5.399999999999999e-166,0.53,80.1%,33.5%,1.4999999999999997e-161,NCSE,5,NCSE-5
2-5,MT-ATP8,8.299999999999998e-166,0.47,82.1%,31.0%,2.2999999999999996e-161,NCSE,5,NCSE-5
2-5,TM9SF3,1.5999999999999998e-165,0.6,96.4%,62.2%,4.599999999999999e-161,NCSE,5,NCSE-5
2-5,ATP1A1,7.699999999999999e-164,0.65,96.5%,72.0%,2.1999999999999996e-159,NCSE,5,NCSE-5
2-5,RPN1,1.4999999999999998e-163,0.6,91.6%,52.3%,4.1999999999999993e-159,NCSE,5,NCSE-5
2-5,CD44,2.1999999999999998e-163,0.76,93.3%,55.4%,5.999999999999999e-159,NCSE,5,NCSE-5
2-5,SLC34A2,2.3999999999999998e-163,0.67,90.9%,50.0%,6.799999999999999e-159,NCSE,5,NCSE-5
2-5,PLCB1,2.7999999999999994e-163,0.5,77.2%,28.8%,7.799999999999999e-159,NCSE,5,NCSE-5
2-5,KCNJ2,8.699999999999999e-162,0.47,51.9%,12.8%,2.3999999999999997e-157,NCSE,5,NCSE-5
2-5,TC2N,9e-161,0.69,95.4%,61.9%,2.5e-156,NCSE,5,NCSE-5
2-5,MFHAS1,1.9999999999999997e-160,0.58,82.5%,36.1%,5.5e-156,NCSE,5,NCSE-5
2-5,PNPLA8,5.499999999999999e-160,0.65,87.6%,43.9%,1.6e-155,NCSE,5,NCSE-5
2-5,EIF4G2,7.999999999999999e-160,0.61,98.9%,83.0%,2.3e-155,NCSE,5,NCSE-5
2-5,EFNB1,2.3e-159,0.54,80.1%,32.9%,6.4e-155,NCSE,5,NCSE-5
2-5,CNN3,1.3999999999999999e-157,0.64,98.5%,87.2%,3.799999999999999e-153,NCSE,5,NCSE-5
2-5,SLC40A1,1.7e-157,0.78,99.3%,87.3%,4.6999999999999994e-153,NCSE,5,NCSE-5
2-5,SEC61A1,3e-157,0.48,82.5%,35.6%,8.299999999999999e-153,NCSE,5,NCSE-5
2-5,BCAP29,1.5e-156,0.54,81.6%,35.4%,4.299999999999999e-152,NCSE,5,NCSE-5
2-5,RRBP1,2.8e-156,0.65,96.4%,73.5%,7.799999999999999e-152,NCSE,5,NCSE-5
2-5,STX18,5.5e-156,0.55,88.3%,44.7%,1.4999999999999999e-151,NCSE,5,NCSE-5
2-5,MAGT1,3.0000000000000002e-155,0.55,88.2%,45.9%,8.4e-151,NCSE,5,NCSE-5
2-5,MRPL33,5.8e-155,0.59,98.5%,86.9%,1.6e-150,NCSE,5,NCSE-5
2-5,DSP,7.9e-155,0.77,96.5%,70.7%,2.2e-150,NCSE,5,NCSE-5
2-5,ATP5ME,2.1999999999999997e-154,0.56,99.6%,95.2%,6.2e-150,NCSE,5,NCSE-5
2-5,AZIN1,5.4999999999999994e-154,0.53,88.2%,43.8%,1.4999999999999999e-149,NCSE,5,NCSE-5
2-5,NORAD,5.4999999999999994e-154,0.61,96.2%,69.7%,1.5999999999999998e-149,NCSE,5,NCSE-5
2-5,IQGAP1,8.099999999999999e-153,0.63,96.9%,72.5%,2.3e-148,NCSE,5,NCSE-5
2-5,QSOX1,4.599999999999999e-152,0.54,84.9%,41.6%,1.3e-147,NCSE,5,NCSE-5
2-5,HIVEP2,5.9e-151,0.53,80.7%,34.0%,1.5999999999999997e-146,NCSE,5,NCSE-5
2-5,CNDP2,2.3999999999999999e-150,0.57,95.4%,62.5%,6.699999999999999e-146,NCSE,5,NCSE-5
2-5,DDR1,4.3e-150,0.55,91.3%,53.5%,1.1999999999999999e-145,NCSE,5,NCSE-5
2-5,INSR,5.8e-150,0.69,96.5%,68.4%,1.5999999999999997e-145,NCSE,5,NCSE-5
2-5,CD46,7.7e-150,0.66,96.9%,77.8%,2.1999999999999996e-145,NCSE,5,NCSE-5
2-5,STT3B,1.3999999999999997e-149,0.49,83.4%,39.0%,3.8999999999999996e-145,NCSE,5,NCSE-5
2-5,ADD3,1.5999999999999998e-149,0.6,89.6%,48.8%,4.399999999999999e-145,NCSE,5,NCSE-5
2-5,PREX2,7.899999999999998e-149,0.47,75.2%,28.9%,2.1999999999999998e-144,NCSE,5,NCSE-5
2-5,PPIB,1e-148,0.55,99.3%,97.7%,2.7999999999999994e-144,NCSE,5,NCSE-5
2-5,LONRF2,2.5e-148,0.57,86.3%,38.7%,7.099999999999999e-144,NCSE,5,NCSE-5
2-5,HNRNPA2B1,4.7e-148,0.51,100.0%,97.3%,1.3e-143,NCSE,5,NCSE-5
2-5,TBC1D1,3.4e-147,0.53,85.6%,41.8%,9.399999999999999e-143,NCSE,5,NCSE-5
2-5,TSPAN3,1.5999999999999997e-145,0.53,98.2%,82.8%,4.3999999999999996e-141,NCSE,5,NCSE-5
2-5,CRISP3,8.399999999999998e-145,1.15,95.8%,92.5%,2.3e-140,NCSE,5,NCSE-5
2-5,ANXA5,2.0999999999999998e-144,0.55,99.1%,91.8%,5.9e-140,NCSE,5,NCSE-5
2-5,ITPR2,7.699999999999999e-144,0.57,84.9%,42.0%,2.0999999999999997e-139,NCSE,5,NCSE-5
2-5,ATP8B1,2.3e-143,0.49,79.6%,34.1%,6.5e-139,NCSE,5,NCSE-5
2-5,SPRY1,1.4e-142,0.74,82.3%,39.1%,3.9999999999999997e-138,NCSE,5,NCSE-5
2-5,SSR3,3.0999999999999997e-141,0.55,98.4%,84.7%,8.6e-137,NCSE,5,NCSE-5
2-5,ACSL4,1e-139,0.49,78.9%,34.5%,2.7999999999999996e-135,NCSE,5,NCSE-5
2-5,MAP4,4.4999999999999995e-139,0.55,92.5%,56.7%,1.2999999999999999e-134,NCSE,5,NCSE-5
2-5,LAMP2,5.9e-139,0.51,92.0%,52.5%,1.5999999999999998e-134,NCSE,5,NCSE-5
2-5,SMIM22,3.1e-138,0.57,95.1%,66.2%,8.699999999999999e-134,NCSE,5,NCSE-5
2-5,TMED7,7.6e-137,0.52,88.3%,48.9%,2.1e-132,NCSE,5,NCSE-5
2-5,BAG5,1.7e-135,0.56,87.6%,50.9%,4.7e-131,NCSE,5,NCSE-5
2-5,EIF4G1,6.3e-135,0.5,90.5%,50.4%,1.7999999999999999e-130,NCSE,5,NCSE-5
2-5,CEP70,7.599999999999999e-135,0.47,80.1%,36.6%,2.0999999999999996e-130,NCSE,5,NCSE-5
2-5,AR,9.2e-135,0.6,95.8%,71.7%,2.5999999999999997e-130,NCSE,5,NCSE-5
2-5,TACC1,1.2999999999999999e-134,0.64,95.8%,70.9%,3.5999999999999997e-130,NCSE,5,NCSE-5
2-5,TFRC,1.9999999999999998e-134,0.5,84.9%,41.1%,5.499999999999999e-130,NCSE,5,NCSE-5
2-5,FBXO21,2.2999999999999995e-134,0.57,99.6%,90.2%,6.399999999999999e-130,NCSE,5,NCSE-5
2-5,FNDC3A,2.5999999999999995e-133,0.54,90.0%,53.3%,7.399999999999999e-129,NCSE,5,NCSE-5
2-5,MECOM,2e-132,0.5,78.0%,35.5%,5.7e-128,NCSE,5,NCSE-5
2-5,FRMD4B,2.2999999999999997e-131,0.66,90.3%,54.7%,6.499999999999999e-127,NCSE,5,NCSE-5
2-5,TM9SF2,2.0999999999999996e-130,0.47,85.8%,45.7%,5.8e-126,NCSE,5,NCSE-5
2-5,CLIP1,8.3e-130,0.51,82.9%,39.3%,2.3e-125,NCSE,5,NCSE-5
2-5,PJA2,4.2e-128,0.5,90.3%,53.7%,1.2e-123,NCSE,5,NCSE-5
2-5,C1orf122,4.2e-128,0.51,90.7%,51.7%,1.2e-123,NCSE,5,NCSE-5
2-5,CKB,7.1e-128,0.74,98.4%,88.5%,2e-123,NCSE,5,NCSE-5
2-5,PODXL,1.0999999999999999e-127,0.75,82.0%,43.5%,3.2000000000000005e-123,NCSE,5,NCSE-5
2-5,TPM3,4.5999999999999996e-127,0.61,97.6%,88.2%,1.3e-122,NCSE,5,NCSE-5
2-5,CCNA1,2.2999999999999998e-126,0.47,67.8%,24.5%,6.299999999999999e-122,NCSE,5,NCSE-5
2-5,SGK1,2.3999999999999997e-126,0.49,74.7%,30.8%,6.599999999999999e-122,NCSE,5,NCSE-5
2-5,KMT2C,7.8e-126,0.5,83.8%,42.7%,2.1999999999999998e-121,NCSE,5,NCSE-5
2-5,ACTN1,8.4e-126,0.5,93.1%,59.3%,2.3e-121,NCSE,5,NCSE-5
2-5,XIST,1.3000000000000002e-124,0.67,96.5%,71.8%,3.599999999999999e-120,NCSE,5,NCSE-5
2-5,MACF1,3.5000000000000003e-124,0.5,90.7%,51.7%,9.899999999999997e-120,NCSE,5,NCSE-5
2-5,USP9X,4.9000000000000005e-124,0.5,88.0%,50.3%,1.4e-119,NCSE,5,NCSE-5
2-5,BBX,7.6e-124,0.57,92.0%,61.7%,2.0999999999999996e-119,NCSE,5,NCSE-5
2-5,DNAJB11,1e-123,0.51,86.9%,50.7%,2.8999999999999995e-119,NCSE,5,NCSE-5
2-5,RPN2,2e-123,0.5,95.6%,72.1%,5.5e-119,NCSE,5,NCSE-5
2-5,TTC3,1.1999999999999998e-122,0.55,95.4%,71.6%,3.2e-118,NCSE,5,NCSE-5
2-5,TXNRD1,4.6e-121,0.59,90.5%,55.1%,1.3e-116,NCSE,5,NCSE-5
2-5,RHOU,3.2e-117,0.48,77.2%,36.2%,8.899999999999998e-113,NCSE,5,NCSE-5
2-5,KTN1,3.6e-116,0.49,98.5%,84.0%,9.999999999999999e-112,NCSE,5,NCSE-5
2-5,CYB5A,4.9999999999999997e-116,0.48,97.4%,84.6%,1.3999999999999998e-111,NCSE,5,NCSE-5
2-5,ITGB1,1.2e-114,0.47,96.9%,75.0%,3.3999999999999995e-110,NCSE,5,NCSE-5
2-5,HDLBP,2e-114,0.48,94.5%,70.6%,5.5e-110,NCSE,5,NCSE-5
2-5,CTNNA1,6.7e-114,0.47,93.1%,65.2%,1.9e-109,NCSE,5,NCSE-5
2-5,F11R,6.8e-114,0.49,88.0%,51.9%,1.9e-109,NCSE,5,NCSE-5
2-5,P4HB,8.399999999999999e-113,0.48,95.1%,71.2%,2.3999999999999994e-108,NCSE,5,NCSE-5
2-5,PBX1,1.2999999999999997e-111,0.5,93.3%,63.1%,3.599999999999999e-107,NCSE,5,NCSE-5
2-5,FOSL2,3e-110,0.52,86.5%,50.6%,8.5e-106,NCSE,5,NCSE-5
2-5,SLFN5,5.799999999999999e-110,0.55,89.4%,56.4%,1.6e-105,NCSE,5,NCSE-5
2-5,AGR3,2.4999999999999996e-108,0.69,88.0%,55.2%,7.1e-104,NCSE,5,NCSE-5
2-5,CLU,3.7000000000000003e-106,0.6,100.0%,99.9%,1e-101,NCSE,5,NCSE-5
2-5,NEAT1,1.8e-105,0.8,98.2%,87.9%,5.1e-101,NCSE,5,NCSE-5
2-5,GSN,2e-105,0.52,99.6%,96.0%,5.6000000000000004e-101,NCSE,5,NCSE-5
2-5,NEDD9,3.3e-104,0.54,83.4%,47.5%,9.099999999999999e-100,NCSE,5,NCSE-5
2-5,PRRC2C,1.3e-100,0.48,98.7%,85.7%,3.5999999999999997e-96,NCSE,5,NCSE-5
2-5,WSB1,3.2999999999999995e-100,0.53,93.3%,71.2%,9.2e-96,NCSE,5,NCSE-5
2-5,TMOD3,6.4999999999999995e-99,0.49,97.4%,78.8%,1.8e-94,NCSE,5,NCSE-5
2-5,KLF5,9.7e-98,0.65,97.1%,83.2%,2.7e-93,NCSE,5,NCSE-5
2-5,AMD1,5.4e-97,0.5,94.9%,73.8%,1.5e-92,NCSE,5,NCSE-5
2-5,GOLGA4,8e-96,0.47,94.2%,68.8%,2.1999999999999998e-91,NCSE,5,NCSE-5
2-5,WEE1,1.6e-91,0.59,87.1%,55.0%,4.5000000000000005e-87,NCSE,5,NCSE-5
2-5,EHF,4.5e-89,0.51,94.9%,74.0%,1.3e-84,NCSE,5,NCSE-5
2-5,SCGB1D2,3.5e-87,1.24,87.2%,57.4%,9.9e-83,NCSE,5,NCSE-5
2-5,TGM2,1.8000000000000002e-86,0.64,75.6%,42.5%,5.1e-82,NCSE,5,NCSE-5
2-5,SCGB3A1,4.1999999999999996e-70,0.68,93.3%,68.1%,1.2e-65,NCSE,5,NCSE-5
2-5,IFI27,4.2e-46,0.59,68.9%,44.4%,1.1999999999999999e-41,NCSE,5,NCSE-5
2-6,SRGN,0,1.91,95.6%,12.2%,0,NCSE,6,NCSE-6
2-6,IL7R,0,1.4,50.3%,1.1%,0,NCSE,6,NCSE-6
2-6,CCL5,0,1.13,43.0%,0.8%,0,NCSE,6,NCSE-6
2-6,PTPRC,0,1.08,73.4%,1.2%,0,NCSE,6,NCSE-6
2-6,CD69,0,1.08,64.9%,3.1%,0,NCSE,6,NCSE-6
2-6,SAMSN1,0,0.75,65.8%,1.2%,0,NCSE,6,NCSE-6
2-6,CPA3,0,0.67,20.3%,0.4%,0,NCSE,6,NCSE-6
2-6,LCP1,0,0.66,57.9%,2.6%,0,NCSE,6,NCSE-6
2-6,TRBC2,0,0.6,44.3%,0.4%,0,NCSE,6,NCSE-6
2-6,CD7,0,0.6,42.4%,0.7%,0,NCSE,6,NCSE-6
2-6,CD52,0,0.59,54.7%,0.5%,0,NCSE,6,NCSE-6
2-6,ALOX5AP,0,0.58,52.5%,1.7%,0,NCSE,6,NCSE-6
2-6,CD2,0,0.56,48.7%,0.3%,0,NCSE,6,NCSE-6
2-6,RGS1,0,0.56,45.9%,0.9%,0,NCSE,6,NCSE-6
2-6,KLRB1,0,0.55,35.4%,0.5%,0,NCSE,6,NCSE-6
2-6,BATF,0,0.54,35.8%,1.5%,0,NCSE,6,NCSE-6
2-6,CD3E,0,0.54,50.6%,0.3%,0,NCSE,6,NCSE-6
2-6,CST7,0,0.53,45.6%,0.5%,0,NCSE,6,NCSE-6
2-6,CD37,0,0.49,52.5%,0.7%,0,NCSE,6,NCSE-6
2-6,CYTIP,0,0.47,47.2%,0.7%,0,NCSE,6,NCSE-6
2-6,TPSAB1,1.8999999999999997e-201,1.59,21.8%,1.0%,5.399999999999999e-197,NCSE,6,NCSE-6
2-6,STK17B,1.1999999999999998e-154,0.57,64.9%,14.4%,3.4e-150,NCSE,6,NCSE-6
2-6,S100A4,2.4e-151,0.94,86.1%,30.0%,6.7e-147,NCSE,6,NCSE-6
2-6,SMAP2,7.6e-143,0.48,56.3%,11.5%,2.1e-138,NCSE,6,NCSE-6
2-6,CXCR4,5.399999999999999e-130,1.17,67.7%,20.5%,1.5e-125,NCSE,6,NCSE-6
2-6,ARHGDIB,6.699999999999999e-119,0.79,84.5%,37.9%,1.9e-114,NCSE,6,NCSE-6
2-6,RGS2,5.799999999999999e-102,0.54,49.7%,11.5%,1.5999999999999996e-97,NCSE,6,NCSE-6
2-6,TPSB2,1.8e-101,2.14,22.5%,2.5%,4.9e-97,NCSE,6,NCSE-6
2-6,B2M,9.000000000000001e-86,0.65,100.0%,99.2%,2.5e-81,NCSE,6,NCSE-6
2-6,BTG1,3.1999999999999997e-85,1,94.6%,78.6%,9e-81,NCSE,6,NCSE-6
2-6,CCL4,2.3e-84,1.08,37.3%,7.9%,6.5000000000000006e-80,NCSE,6,NCSE-6
2-6,LEPROTL1,1.9e-75,0.57,70.9%,31.9%,5.4e-71,NCSE,6,NCSE-6
2-6,ETS1,3.7999999999999996e-73,0.58,64.2%,24.6%,1.1e-68,NCSE,6,NCSE-6
2-6,CREM,3.7000000000000005e-71,0.8,76.6%,40.9%,1e-66,NCSE,6,NCSE-6
2-6,TSC22D3,9.6e-62,0.83,80.4%,47.6%,2.6999999999999996e-57,NCSE,6,NCSE-6
2-6,SH3BGRL3,1.1e-55,0.53,92.4%,74.1%,3.2e-51,NCSE,6,NCSE-6
2-6,IL32,9.3e-52,0.59,78.5%,44.3%,2.5999999999999997e-47,NCSE,6,NCSE-6
2-6,AREG,6.7e-49,0.67,71.2%,33.9%,1.8999999999999998e-44,NCSE,6,NCSE-6
2-6,DDIT4,6e-42,0.53,75.6%,44.2%,1.7e-37,NCSE,6,NCSE-6
2-6,VIM,4.899999999999999e-35,0.64,94.0%,88.4%,1.4000000000000001e-30,NCSE,6,NCSE-6
2-6,FAM107B,1.2000000000000001e-30,0.5,59.2%,33.9%,3.3e-26,NCSE,6,NCSE-6
2-6,TNFAIP3,1.9e-30,0.55,86.7%,63.6%,5.2e-26,NCSE,6,NCSE-6
